,ctime,title,brief,content
0,2021-01-21 09:00:57,央行开展2500亿元逆回购操作 实现净投放2480亿元,【央行开展2500亿元逆回购操作 实现净投放2480亿元】财联社1月21日讯，央行开展2500亿元7天期逆回购操作，中标利率2.2%。今日有20亿元逆回购到期，实现净投放2480亿元。,【央行开展2500亿元逆回购操作 实现净投放2480亿元】财联社1月21日讯，央行开展2500亿元7天期逆回购操作，中标利率2.2%。今日有20亿元逆回购到期，实现净投放2480亿元。
1,2021-01-21 09:00:26,,财联社1月21日讯，富时中国A50指数期货在上一交易日夜盘收涨0.27%的基础上高开，现涨0.29%。,财联社1月21日讯，富时中国A50指数期货在上一交易日夜盘收涨0.27%的基础上高开，现涨0.29%。
2,2021-01-21 09:00:02,国内商品期货早盘开盘 沪银涨超1%,【国内商品期货早盘开盘 沪银涨超1%】财联社1月21日讯，国内商品期货早盘开盘，涨跌参半。豆二、EB跌超1%，棕榈、焦煤等小幅下跌；沪银、焦炭等涨超1%，玉米、淀粉、生猪等小幅上涨。,【国内商品期货早盘开盘 沪银涨超1%】财联社1月21日讯，国内商品期货早盘开盘，涨跌参半。豆二、EB跌超1%，棕榈、焦煤等小幅下跌；沪银、焦炭等涨超1%，玉米、淀粉、生猪等小幅上涨。
3,2021-01-21 08:54:07,上海仁济医院西院区发现一人核酸检测结果可疑,【上海仁济医院西院区发现一人核酸检测结果可疑】财联社1月21日讯，上海交通大学医学院附属仁济医院发布情况通报：该院西院区（山东中路145号）在对医务人员和外包后勤保障人员开展例行新冠肺炎核酸检测中发现一人检测结果可疑。根据防控要求，已对该人员进行进一步临床检查和实验室复核，并对相关人员进行追踪排查和流行病学调查。后续结果将及时向社会公布。,【上海仁济医院西院区发现一人核酸检测结果可疑】财联社1月21日讯，上海交通大学医学院附属仁济医院发布情况通报：该院西院区（山东中路145号）在对医务人员和外包后勤保障人员开展例行新冠肺炎核酸检测中发现一人检测结果可疑。根据防控要求，已对该人员进行进一步临床检查和实验室复核，并对相关人员进行追踪排查和流行病学调查。后续结果将及时向社会公布。
4,2021-01-21 08:52:01,鸿合科技：现有生产线产能充沛 不会对生产产生影响,【鸿合科技：现有生产线产能充沛 不会对生产产生影响】财联社1月21日讯，鸿合科技在互动平台表示，坪山项目正按计划推进。公司现有生产线产能充沛，不会对生产产生影响。公司将按照信息披露要求披露相关信息。,【鸿合科技：现有生产线产能充沛 不会对生产产生影响】财联社1月21日讯，鸿合科技在互动平台表示，坪山项目正按计划推进。公司现有生产线产能充沛，不会对生产产生影响。公司将按照信息披露要求披露相关信息。
5,2021-01-21 08:50:33,,财联社1月21日讯，美国参议院金融委员会将于周五就耶伦的提名举行公开听证会。,财联社1月21日讯，美国参议院金融委员会将于周五就耶伦的提名举行公开听证会。
6,2021-01-21 08:45:00,山东新增1例省外输入确诊病例 新增1例省外输入无症状感染者,【山东新增1例省外输入确诊病例 新增1例省外输入无症状感染者】财联社1月21日讯，1月20日0时至24时，山东省青岛市报告新增省外输入确诊病例1例。青岛市报告新增省外输入无症状感染者1例。山东省正在隔离观察治疗的无症状感染者5例（境外输入3例，省外输入2例）。,【山东新增1例省外输入确诊病例 新增1例省外输入无症状感染者】财联社1月21日讯，1月20日0时至24时，山东省青岛市报告新增省外输入确诊病例1例。青岛市报告新增省外输入无症状感染者1例。山东省正在隔离观察治疗的无症状感染者5例（境外输入3例，省外输入2例）。
7,2021-01-21 08:43:26,吉林昨日新增33例本土确诊,【吉林昨日新增33例本土确诊】财联社1月21日讯，1月20日0-24时，吉林省新增本地确诊病例33例（通化市29例，长春市2例，松原市2例），其中28例（通化市24例，长春市2例，松原市2例）系由此前通报的无症状感染者转为确诊病例。全省新增无症状感染者6例（通化市6例）。,【吉林昨日新增33例本土确诊】财联社1月21日讯，1月20日0-24时，吉林省新增本地确诊病例33例（通化市29例，长春市2例，松原市2例），其中28例（通化市24例，长春市2例，松原市2例）系由此前通报的无症状感染者转为确诊病例。全省新增无症状感染者6例（通化市6例）。
8,2021-01-21 08:39:05,两市融资余额增加48.48亿元,【两市融资余额增加48.48亿元】财联社1月21日讯，截至1月20日，上交所融资余额报8112.52亿元，较前一交易日增加33.98亿元；深交所融资余额报7416.50亿元，较前一交易日增加14.50亿元；两市合计15529.02亿元，较前一交易日增加48.48亿元。,【两市融资余额增加48.48亿元】财联社1月21日讯，截至1月20日，上交所融资余额报8112.52亿元，较前一交易日增加33.98亿元；深交所融资余额报7416.50亿元，较前一交易日增加14.50亿元；两市合计15529.02亿元，较前一交易日增加48.48亿元。
9,2021-01-21 08:35:06,国家卫健委：昨日新增确诊病例144例 其中本土病例126例,【国家卫健委：昨日新增确诊病例144例 其中本土病例126例】财联社1月21日讯，国家卫健委数据显示 ，1月20日0—24时，31个省（自治区、直辖市）和新疆生产建设兵团报告新增确诊病例144例，其中境外输入病例18例（上海9例，天津5例，北京1例，湖北1例，广东1例，广西1例），本土病例126例（黑龙江68例，吉林33例，河北20例，北京2例，山西2例，山东1例）；无新增死亡病例；新增疑似病例5例，均为境外输入病例（均在上海）。,【国家卫健委：昨日新增确诊病例144例 其中本土病例126例】财联社1月21日讯，国家卫健委数据显示 ，1月20日0—24时，31个省（自治区、直辖市）和新疆生产建设兵团报告新增确诊病例144例，其中境外输入病例18例（上海9例，天津5例，北京1例，湖北1例，广东1例，广西1例），本土病例126例（黑龙江68例，吉林33例，河北20例，北京2例，山西2例，山东1例）；无新增死亡病例；新增疑似病例5例，均为境外输入病例（均在上海）。
10,2021-01-21 08:26:57,【点金互动易】掌握可降解材料全产业链生产加工技术，这家公司最新表态相关产能满产满销,"①掌握可降解材料全产业链生产加工技术，这家公司最新表态相关产能满产满销；
②已有产品供货Model Y，这个汽车精密零部件制造企业产品远销北美、欧洲等地，客户涵盖麦格纳等国际领先汽车零部件制造厂。","①掌握可降解材料全产业链生产加工技术，这家公司最新表态相关产能满产满销；
②已有产品供货Model Y，这个汽车精密零部件制造企业产品远销北美、欧洲等地，客户涵盖麦格纳等国际领先汽车零部件制造厂。"
11,2021-01-21 08:26:13,早间公告：精艺股份拟向铜陵贸易采购2.5万吨电解铜,【早间公告：精艺股份拟向铜陵贸易采购2.5万吨电解铜】财联社1月21日讯，精艺股份：公司及合并报表范围内子、孙公司与铜陵有色金属集团上海国际贸易有限公司（铜陵贸易）签订了《框架采购合同》，2021年1月15日至2022年1月15日向铜陵贸易预计采购25000吨电解铜。合同执行对公司的经营状况产生积极影响。万讯自控：向不特定对象发行可转换公司债券申请获得深圳证券交易所创业板上市委审核通过。,【早间公告：精艺股份拟向铜陵贸易采购2.5万吨电解铜】财联社1月21日讯，精艺股份：公司及合并报表范围内子、孙公司与铜陵有色金属集团上海国际贸易有限公司（铜陵贸易）签订了《框架采购合同》，2021年1月15日至2022年1月15日向铜陵贸易预计采购25000吨电解铜。合同执行对公司的经营状况产生积极影响。万讯自控：向不特定对象发行可转换公司债券申请获得深圳证券交易所创业板上市委审核通过。
12,2021-01-21 08:23:59,上海两家医疗机构门诊今起停诊,【上海两家医疗机构门诊今起停诊】财联社1月21日讯，疫情防控需要，根据医疗机构今晨告示：自1月21日起，复旦大学附属肿瘤医院徐汇院区（东安路270号）门诊停诊。上海交大医学院附属仁济医院西院区（山东中路145号）门诊停诊。,【上海两家医疗机构门诊今起停诊】财联社1月21日讯，疫情防控需要，根据医疗机构今晨告示：自1月21日起，复旦大学附属肿瘤医院徐汇院区（东安路270号）门诊停诊。上海交大医学院附属仁济医院西院区（山东中路145号）门诊停诊。
13,2021-01-21 08:16:16,中信证券：支付监管架构升级 专注本源业务的支付机构有望持续胜出,【中信证券：支付监管架构升级 专注本源业务的支付机构有望持续胜出】财联社1月21日讯，中信证券研报指出，《非银行支付机构条例（征求意见稿）》作为下阶段支付行业监管的顶层总纲文件，核心在于优化牌照类型、升级准入要求、完善监管要求，预计后续或仍将有准入细则、业务管理办法等多个配套文件落地。展望行业格局，具备客户条件、场景优势和技术基础，同时专注本源业务的支付机构有望持续胜出。,【中信证券：支付监管架构升级 专注本源业务的支付机构有望持续胜出】财联社1月21日讯，中信证券研报指出，《非银行支付机构条例（征求意见稿）》作为下阶段支付行业监管的顶层总纲文件，核心在于优化牌照类型、升级准入要求、完善监管要求，预计后续或仍将有准入细则、业务管理办法等多个配套文件落地。展望行业格局，具备客户条件、场景优势和技术基础，同时专注本源业务的支付机构有望持续胜出。
14,2021-01-21 08:09:19,山西昨日新增2例本土确诊,【山西昨日新增2例本土确诊】财联社1月21日讯，1月20日0-24时，山西省本地新增新冠肺炎确诊病例2例（均为晋中市榆次区无症状感染者转为确诊病例）。累计报告确诊病例137例，治愈出院134例。现有在院隔离治疗病例3例。现有疑似病例0例。,【山西昨日新增2例本土确诊】财联社1月21日讯，1月20日0-24时，山西省本地新增新冠肺炎确诊病例2例（均为晋中市榆次区无症状感染者转为确诊病例）。累计报告确诊病例137例，治愈出院134例。现有在院隔离治疗病例3例。现有疑似病例0例。
15,2021-01-21 08:05:43,消息称iPhone 12 Pro Max的光学防抖系统明年将成iPhone 13全系标配,【消息称iPhone 12 Pro Max的光学防抖系统明年将成iPhone 13全系标配】财联社1月21日讯，据媒体DigiTimes援引业内消息，计划在2021年下半年推出的苹果下一代iPhone都将配备传感器位移式光学防抖系统。目前这个光学防抖系统已经在iPhone 12 Pro Max中出现，但今年四款机型中只有该机型配备了这一系统。该技术可稳定相机的传感器而不是镜头，从而获得更高的图像稳定性和更高的照片质量。,【消息称iPhone 12 Pro Max的光学防抖系统明年将成iPhone 13全系标配】财联社1月21日讯，据媒体DigiTimes援引业内消息，计划在2021年下半年推出的苹果下一代iPhone都将配备传感器位移式光学防抖系统。目前这个光学防抖系统已经在iPhone 12 Pro Max中出现，但今年四款机型中只有该机型配备了这一系统。该技术可稳定相机的传感器而不是镜头，从而获得更高的图像稳定性和更高的照片质量。
16,2021-01-21 08:04:00,【九点特供】继苹果后微软亦投巨资卡位自动驾驶，国内这家公司刚刚在该领域完成战略投资，还为蔚来ET7提供高精度激光雷达,"①继苹果后微软亦投巨资卡位自动驾驶，国内这家公司刚刚在该领域完成战略投资，还为蔚来ET7提供高精度激光雷达；
②供需趋紧+上游材料涨价，国内最大细分半导体元件厂商主打产品提价15%，这家企业旗下公司产品占有率全球第三。","①继苹果后微软亦投巨资卡位自动驾驶，国内这家公司刚刚在该领域完成战略投资，还为蔚来ET7提供高精度激光雷达；
②供需趋紧+上游材料涨价，国内最大细分半导体元件厂商主打产品提价15%，这家企业旗下公司产品占有率全球第三。"
17,2021-01-21 08:01:47,,财联社1月21日讯，日经225指数高开0.66%，报28710.41点。,财联社1月21日讯，日经225指数高开0.66%，报28710.41点。
18,2021-01-21 08:01:34,稀土供需两旺 上市公司扩产增效,【稀土供需两旺 上市公司扩产增效】财联社1月21日讯，近期，稀土价格持续走强。多名产业人士认为，供需关系的改善是刺激价格走高的主因。此外，工信部发布的《稀土管理条例（征求意见稿）》，提振了业内对产业良性发展的信心。关于未来市场需求，华宝证券进行了测算：高性能稀土永磁材料未来5年将保持高速需求增长，市场前景可期，仅新能源汽车、风力发电、节能家电三大低碳经济代表产业，到2025年所需高性能钕铁硼磁材合计就超2019年全球高性能钕铁硼磁材的需求总量。,【稀土供需两旺 上市公司扩产增效】财联社1月21日讯，近期，稀土价格持续走强。多名产业人士认为，供需关系的改善是刺激价格走高的主因。此外，工信部发布的《稀土管理条例（征求意见稿）》，提振了业内对产业良性发展的信心。关于未来市场需求，华宝证券进行了测算：高性能稀土永磁材料未来5年将保持高速需求增长，市场前景可期，仅新能源汽车、风力发电、节能家电三大低碳经济代表产业，到2025年所需高性能钕铁硼磁材合计就超2019年全球高性能钕铁硼磁材的需求总量。
19,2021-01-21 08:00:40,财联社1月21日早间新闻精选,"【财联社1月21日早间新闻精选】
1、国务院应对新冠疫情联防联控机制综合组制定《冬春季农村地区新冠肺炎疫情防控工作方案》。方案指出，返乡人员需持7天内有效新冠病毒核酸检测阴性结果返乡，返乡后实行14天居家健康监测，每7天开展一次核酸检测。
2、南下资金昨日净买入港股203亿港元，已连续21个交易日净买入，连续第三日净买入额超200亿。年内13个交易日，南下资金共计净买入港股2055亿港元。
3、周三港股ETF未能延续昨日涨势，港股100ETF盘中触及跌停，收跌9.88%。港股通50ETF收跌6.7%，上证港股通ETF跌5.6%，恒生ETF、恒生指数ETF均跌超4%。
4、多家百亿级私募透露，近期正紧锣密鼓抓紧发行新产品，以抓住春节前这个较好的时间窗口。中基协数据显示，截至1月20日，淡水泉今年以来已经备案了21只产品。
5、中国煤炭工业协会预计一季度在经济持续恢复、气温逐步回升、春节假日因素等多种因素共同影响下，煤炭需求有望先增后降，煤炭供应将总体稳定，煤炭价格将高位回调。
6、业内人士向记者表示，由于8英寸芯片生产线产能告急，用于汽车和电子产品中的芯片供应情况今年一季度预计仍然紧张，相关产业链企业订单已经排至年底。
7、集邦咨询发布1月下旬面板价格快报，电视、桌上显示器、笔记本面板价格均不同程度上涨。其中，小尺寸、低分辨率面板上涨幅度较大，涨幅在4.8%至5%之间。
8、央行发布《非银行支付机构条例（征求意见稿）》，要求强化支付领域反垄断监管措施。
9、交通运输部介绍，预计2021年全国春运期间发送旅客在17亿人次左右，日均差不多4000万人次，比2019年要下降4成多，比2020年增加一成多。
10、海南省委书记沈晓明谈加快自贸港建设时表示，岛内居民消费进境商品正面清单，有望在2021年春节前出台。
11、两市首份2020年报出炉，沃华医药2020年实现净利润1.79亿元，同比增长86.72%。
12、德方纳米子公司曲靖麟铁一个室外尾气吸收塔发生爆炸，德方纳米称事故不会对公司的生产经营造成重大不利影响。宁德时代回应上述事件称仅是参股，未参与生产运营。
13、昆仑万维预计2020年净利润为46亿-51亿元，同比增长255%-294%。二连板爱迪尔2020年度净利润预计亏损8.4亿元-9.5亿元，近期在积极引入战略投资者。乐心医疗2020年净利预增110%-140%，今年一季度净利预增150%-180%。四连板陕西黑猫预计2020年度实现归属于上市公司股东的净利润为2.5亿元到2.8亿元，同比增加823%到933%。中联重科预计2020年度实现净利润为70亿元-75亿元，同比增长60%-71%。
14、美国当选总统、民主党人拜登在首都华盛顿宣誓就任美国第46任总统。拜登发表就职演说时表示，拒绝“美国孤立”，将修复与盟友关系，与世界再次建立“良好联系”。
15、拜登签署一系列行政令，包括重新加入巴黎气候协定和世卫组织。
16、隔夜美股三大指数齐创历史新高，道指涨0.83%，纳指涨1.97%，标普500指数涨1.39%。科技股集体走强，奈飞涨16.85%，谷歌涨5.36%，均创历史新高。国际原油期货小幅收高，美油涨0.49%，布油涨0.32%。COMEX 2月黄金期货收涨1.43%报1866.50美元/盎司。","【财联社1月21日早间新闻精选】
1、国务院应对新冠疫情联防联控机制综合组制定《冬春季农村地区新冠肺炎疫情防控工作方案》。方案指出，返乡人员需持7天内有效新冠病毒核酸检测阴性结果返乡，返乡后实行14天居家健康监测，每7天开展一次核酸检测。
2、南下资金昨日净买入港股203亿港元，已连续21个交易日净买入，连续第三日净买入额超200亿。年内13个交易日，南下资金共计净买入港股2055亿港元。
3、周三港股ETF未能延续昨日涨势，港股100ETF盘中触及跌停，收跌9.88%。港股通50ETF收跌6.7%，上证港股通ETF跌5.6%，恒生ETF、恒生指数ETF均跌超4%。
4、多家百亿级私募透露，近期正紧锣密鼓抓紧发行新产品，以抓住春节前这个较好的时间窗口。中基协数据显示，截至1月20日，淡水泉今年以来已经备案了21只产品。
5、中国煤炭工业协会预计一季度在经济持续恢复、气温逐步回升、春节假日因素等多种因素共同影响下，煤炭需求有望先增后降，煤炭供应将总体稳定，煤炭价格将高位回调。
6、业内人士向记者表示，由于8英寸芯片生产线产能告急，用于汽车和电子产品中的芯片供应情况今年一季度预计仍然紧张，相关产业链企业订单已经排至年底。
7、集邦咨询发布1月下旬面板价格快报，电视、桌上显示器、笔记本面板价格均不同程度上涨。其中，小尺寸、低分辨率面板上涨幅度较大，涨幅在4.8%至5%之间。
8、央行发布《非银行支付机构条例（征求意见稿）》，要求强化支付领域反垄断监管措施。
9、交通运输部介绍，预计2021年全国春运期间发送旅客在17亿人次左右，日均差不多4000万人次，比2019年要下降4成多，比2020年增加一成多。
10、海南省委书记沈晓明谈加快自贸港建设时表示，岛内居民消费进境商品正面清单，有望在2021年春节前出台。
11、两市首份2020年报出炉，沃华医药2020年实现净利润1.79亿元，同比增长86.72%。
12、德方纳米子公司曲靖麟铁一个室外尾气吸收塔发生爆炸，德方纳米称事故不会对公司的生产经营造成重大不利影响。宁德时代回应上述事件称仅是参股，未参与生产运营。
13、昆仑万维预计2020年净利润为46亿-51亿元，同比增长255%-294%。二连板爱迪尔2020年度净利润预计亏损8.4亿元-9.5亿元，近期在积极引入战略投资者。乐心医疗2020年净利预增110%-140%，今年一季度净利预增150%-180%。四连板陕西黑猫预计2020年度实现归属于上市公司股东的净利润为2.5亿元到2.8亿元，同比增加823%到933%。中联重科预计2020年度实现净利润为70亿元-75亿元，同比增长60%-71%。
14、美国当选总统、民主党人拜登在首都华盛顿宣誓就任美国第46任总统。拜登发表就职演说时表示，拒绝“美国孤立”，将修复与盟友关系，与世界再次建立“良好联系”。
15、拜登签署一系列行政令，包括重新加入巴黎气候协定和世卫组织。
16、隔夜美股三大指数齐创历史新高，道指涨0.83%，纳指涨1.97%，标普500指数涨1.39%。科技股集体走强，奈飞涨16.85%，谷歌涨5.36%，均创历史新高。国际原油期货小幅收高，美油涨0.49%，布油涨0.32%。COMEX 2月黄金期货收涨1.43%报1866.50美元/盎司。"
20,2021-01-21 07:56:39,河北昨日新增20例本土确诊 新增4例无症状感染者,【河北昨日新增20例本土确诊 新增4例无症状感染者】财联社1月21日讯，1月20日0—24时，河北省新增20例本地新型冠状病毒肺炎确诊病例（5例为无症状感染者转为确诊病例），均为石家庄市报告。新增4例本地无症状感染者，均为石家庄市报告。,【河北昨日新增20例本土确诊 新增4例无症状感染者】财联社1月21日讯，1月20日0—24时，河北省新增20例本地新型冠状病毒肺炎确诊病例（5例为无症状感染者转为确诊病例），均为石家庄市报告。新增4例本地无症状感染者，均为石家庄市报告。
21,2021-01-21 07:54:44,,财联社1月21日讯，中国电信在港交所公告，要求复议纽约证交所对美国存托股份下市决定。,财联社1月21日讯，中国电信在港交所公告，要求复议纽约证交所对美国存托股份下市决定。
22,2021-01-21 07:54:40,北京昨日新增2例本地确诊病例,【北京昨日新增2例本地确诊病例】财联社1月21日讯，1月20日，北京新增2例本地确诊病例，均在大兴区，新增1例无症状感染者。,【北京昨日新增2例本地确诊病例】财联社1月21日讯，1月20日，北京新增2例本地确诊病例，均在大兴区，新增1例无症状感染者。
23,2021-01-21 07:54:00,上海昨日无新增本地新冠肺炎确诊病例 新增境外输入9例,【上海昨日无新增本地新冠肺炎确诊病例 新增境外输入9例】财联社1月21日讯，上海市卫健委通报，1月20日0—24时，通过口岸联防联控机制，报告9例境外输入性新冠肺炎确诊病例。新增治愈出院1例，来自法国。无新增本地新冠肺炎确诊病例。,【上海昨日无新增本地新冠肺炎确诊病例 新增境外输入9例】财联社1月21日讯，上海市卫健委通报，1月20日0—24时，通过口岸联防联控机制，报告9例境外输入性新冠肺炎确诊病例。新增治愈出院1例，来自法国。无新增本地新冠肺炎确诊病例。
24,2021-01-21 07:50:54,,财联社1月21日讯，日本12月份出口同比增长2.0%，预估为2.4%。,财联社1月21日讯，日本12月份出口同比增长2.0%，预估为2.4%。
25,2021-01-21 07:43:22,【盘中宝·突发】减产60%，这一国家重要行业正出现不可逆转的变化,最新动态！减产60%，这一国家重要行业正出现不可逆转的变化。,最新动态！减产60%，这一国家重要行业正出现不可逆转的变化。
26,2021-01-21 07:35:33,黑龙江昨日新增68例确诊 新增85例无症状感染者,【黑龙江昨日新增68例确诊 新增85例无症状感染者】财联社1月21日讯，1月20日0-24时，黑龙江省新增新冠肺炎确诊病例68例（绥化市望奎县65例，其中望奎县无症状感染者转为确诊病例13例，绥化海伦市2例，哈尔滨市道里区1例）。新增无症状感染者85例（绥化市望奎县48例，绥化海伦市7例，绥化市绥棱县1例，绥化安达市3例，哈尔滨市利民开发区14例，哈尔滨市呼兰区5例，哈尔滨市南岗区2例，大庆市肇州县1例，齐齐哈尔市富拉尔基区3例，齐齐哈尔市建华区1例）。,【黑龙江昨日新增68例确诊 新增85例无症状感染者】财联社1月21日讯，1月20日0-24时，黑龙江省新增新冠肺炎确诊病例68例（绥化市望奎县65例，其中望奎县无症状感染者转为确诊病例13例，绥化海伦市2例，哈尔滨市道里区1例）。新增无症状感染者85例（绥化市望奎县48例，绥化海伦市7例，绥化市绥棱县1例，绥化安达市3例，哈尔滨市利民开发区14例，哈尔滨市呼兰区5例，哈尔滨市南岗区2例，大庆市肇州县1例，齐齐哈尔市富拉尔基区3例，齐齐哈尔市建华区1例）。
27,2021-01-21 07:34:46,比亚迪股份：拟配售1.33亿股H股股份 融资299亿港元,【比亚迪股份：拟配售1.33亿股H股股份 融资299亿港元】财联社1月21日讯，比亚迪股份在港交所公告，拟配售1.33亿股H股股份，每股225港元，预计配股融资299亿港元。,【比亚迪股份：拟配售1.33亿股H股股份 融资299亿港元】财联社1月21日讯，比亚迪股份在港交所公告，拟配售1.33亿股H股股份，每股225港元，预计配股融资299亿港元。
28,2021-01-21 07:32:20,中国移动、中国联通要求纽约证交所复议下市决定,【中国移动、中国联通要求纽约证交所复议下市决定】财联社1月21日讯，中国联通、中国移动在港公告：于1月20日向纽约证交所提出书面要求，要求纽约证交所董事会的一个委员会复议下市决定。根据纽约证交所上市公司手册，复议将获安排在提出复议要求之日起至少25个工作日后举行。已要求该委员会推翻该决定，及在复议该决定前暂缓暂停美国存托证券之买卖。,【中国移动、中国联通要求纽约证交所复议下市决定】财联社1月21日讯，中国联通、中国移动在港公告：于1月20日向纽约证交所提出书面要求，要求纽约证交所董事会的一个委员会复议下市决定。根据纽约证交所上市公司手册，复议将获安排在提出复议要求之日起至少25个工作日后举行。已要求该委员会推翻该决定，及在复议该决定前暂缓暂停美国存托证券之买卖。
29,2021-01-21 07:26:07,税收数据显示深圳产业经济发展韧劲十足,【税收数据显示深圳产业经济发展韧劲十足】财联社1月21日讯，昨日，深圳市税务局召开2021年全市税务工作会议，总结“十三五”时期和2020年税收工作。记者获悉，2020年，深圳实现全口径税收收入8596.8亿元，社保费收入397.9亿元，非税收入182.4亿元。多项税收数据可见，科技创新成为深圳经济税收最重要的驱动力，国内国外“双循环”并驾齐驱，民营经济展现出强大活力，深圳产业经济发展活力和韧劲十足。,【税收数据显示深圳产业经济发展韧劲十足】财联社1月21日讯，昨日，深圳市税务局召开2021年全市税务工作会议，总结“十三五”时期和2020年税收工作。记者获悉，2020年，深圳实现全口径税收收入8596.8亿元，社保费收入397.9亿元，非税收入182.4亿元。多项税收数据可见，科技创新成为深圳经济税收最重要的驱动力，国内国外“双循环”并驾齐驱，民营经济展现出强大活力，深圳产业经济发展活力和韧劲十足。
30,2021-01-21 07:22:45,1月21日《人民日报》要闻精选十一条,"【1月21日《人民日报》要闻精选十一条】财联社1月21日讯，今天《人民日报》的主要内容有：
1、李克强主持召开国务院全体会议，讨论《政府工作报告（征求意见稿）》和《“十四五”规划和二〇三五年远景目标纲要（草案）（征求意见稿）》。
2、人大常委会第二十五次会议分组审议动物防疫法修订草案、行政处罚法修订草案等。
3、国务院联防联控机制印发通知提出七方面措施，进一步做好当前新冠肺炎疫情防控工作。
4、外交部：希望美国新一届政府同中方相向而行，推动中美关系尽快回到正确发展轨道。
5、外交部发言人宣布中方对蓬佩奥等人实施制裁。
6、国家卫健委主任马晓伟撰文：提高应对突发公共卫生事件能力。
7、我国实际使用外资规模创新高，同比增长6.2%，占全球比重继续提升。
8、去年全社会用电量增长百分之三点一，电力需求呈稳步回升态势。
9、第四届进博会招展全面启动。
10、全国铁路实行新列车运行图，增开旅客列车325列。
11、让“就地过节”更有温度（人民时评）。","【1月21日《人民日报》要闻精选十一条】财联社1月21日讯，今天《人民日报》的主要内容有：
1、李克强主持召开国务院全体会议，讨论《政府工作报告（征求意见稿）》和《“十四五”规划和二〇三五年远景目标纲要（草案）（征求意见稿）》。
2、人大常委会第二十五次会议分组审议动物防疫法修订草案、行政处罚法修订草案等。
3、国务院联防联控机制印发通知提出七方面措施，进一步做好当前新冠肺炎疫情防控工作。
4、外交部：希望美国新一届政府同中方相向而行，推动中美关系尽快回到正确发展轨道。
5、外交部发言人宣布中方对蓬佩奥等人实施制裁。
6、国家卫健委主任马晓伟撰文：提高应对突发公共卫生事件能力。
7、我国实际使用外资规模创新高，同比增长6.2%，占全球比重继续提升。
8、去年全社会用电量增长百分之三点一，电力需求呈稳步回升态势。
9、第四届进博会招展全面启动。
10、全国铁路实行新列车运行图，增开旅客列车325列。
11、让“就地过节”更有温度（人民时评）。"
31,2021-01-21 07:20:15,【研选晨会精选】北上资金连续扫货这家电子细分赛道龙头，行业最新产品报价全线上涨，分析师上看40%目标空间,"①北上资金连续扫货这家电子细分赛道龙头，行业最新产品报价全线上涨，分析师上看40%目标空间；
②这家光伏赛道细分龙头业绩大超预期，主营产品量价齐升，超预期幅度竟超20%。","①北上资金连续扫货这家电子细分赛道龙头，行业最新产品报价全线上涨，分析师上看40%目标空间；
②这家光伏赛道细分龙头业绩大超预期，主营产品量价齐升，超预期幅度竟超20%。"
32,2021-01-21 07:17:46,上海复旦大学附属肿瘤医院徐汇院区今起门诊停诊,【上海复旦大学附属肿瘤医院徐汇院区今起门诊停诊】财联社1月21日讯，上海复旦大学附属肿瘤医院发布通知：因疫情防控需要，自1月21日起，复旦大学附属肿瘤医院徐汇院区（东安路270号）门诊停诊。,【上海复旦大学附属肿瘤医院徐汇院区今起门诊停诊】财联社1月21日讯，上海复旦大学附属肿瘤医院发布通知：因疫情防控需要，自1月21日起，复旦大学附属肿瘤医院徐汇院区（东安路270号）门诊停诊。
33,2021-01-21 07:13:38,青岛平度发现2例新冠阳性,【青岛平度发现2例新冠阳性】财联社1月21日讯，据山东省平度市委统筹疫情防控和经济运行工作领导小组（指挥部）办公室，昨天下午，平度市确定两名从外省返平新型冠状病毒核酸检测阳性患者。患者张某平，男，38岁，山东省菏泽市人；患者王某，女，40岁，黑龙江省齐齐哈尔市人，两人均居住平度市深圳路617号吉斯亿家居厂房大院。,【青岛平度发现2例新冠阳性】财联社1月21日讯，据山东省平度市委统筹疫情防控和经济运行工作领导小组（指挥部）办公室，昨天下午，平度市确定两名从外省返平新型冠状病毒核酸检测阳性患者。患者张某平，男，38岁，山东省菏泽市人；患者王某，女，40岁，黑龙江省齐齐哈尔市人，两人均居住平度市深圳路617号吉斯亿家居厂房大院。
34,2021-01-21 07:04:49,反垄断成监管高频词 A股投资者相关问询增多,【反垄断成监管高频词 A股投资者相关问询增多】财联社1月21日讯，近年来，反垄断被多个国家重要会议和多部门频频提及。在资本市场中，投资者对上市公司涉及反垄断的话题关注度提升。市场人士认为，目前反垄断主要集中于平台企业的监管，目的是为了激发创新活力，对于传统行业，投资者无需过度敏感。从国外经验来看，反垄断并没有改变互联网企业的发展逻辑，不会对股价形成长期压制。金融领域的反垄断，主要是将金融创新及其平台企业纳入监管，有助于完善金融领域市场竞争环境，维护金融市场稳定。,【反垄断成监管高频词 A股投资者相关问询增多】财联社1月21日讯，近年来，反垄断被多个国家重要会议和多部门频频提及。在资本市场中，投资者对上市公司涉及反垄断的话题关注度提升。市场人士认为，目前反垄断主要集中于平台企业的监管，目的是为了激发创新活力，对于传统行业，投资者无需过度敏感。从国外经验来看，反垄断并没有改变互联网企业的发展逻辑，不会对股价形成长期压制。金融领域的反垄断，主要是将金融创新及其平台企业纳入监管，有助于完善金融领域市场竞争环境，维护金融市场稳定。
35,2021-01-21 06:46:27,批签发量持续增加 疫苗行业高景气度料延续,【批签发量持续增加 疫苗行业高景气度料延续】财联社1月21日讯，全球肆虐的新冠肺炎疫情正在改写疫苗市场格局，随着民众疫苗接种意识的提高，市场需求不断释放，疫苗行业延续高景气。东吴证券指出，2020年，国内疫苗产品批签发共6.3亿支，相比近6年平均批签发5.7亿支显著提升。1月20日，多位受访的疫苗业界人士告诉记者，随着各方对疫苗接种意义的认知提高，对自身健康投入的加大，疫苗创新产品逐渐上市，研发能力强、产品储备丰富的疫苗公司价值将被重估。 (中证报),【批签发量持续增加 疫苗行业高景气度料延续】财联社1月21日讯，全球肆虐的新冠肺炎疫情正在改写疫苗市场格局，随着民众疫苗接种意识的提高，市场需求不断释放，疫苗行业延续高景气。东吴证券指出，2020年，国内疫苗产品批签发共6.3亿支，相比近6年平均批签发5.7亿支显著提升。1月20日，多位受访的疫苗业界人士告诉记者，随着各方对疫苗接种意义的认知提高，对自身健康投入的加大，疫苗创新产品逐渐上市，研发能力强、产品储备丰富的疫苗公司价值将被重估。 (中证报)
36,2021-01-21 06:39:25,吉林松原经济技术开发区新农小区7号楼确定为中风险区,【吉林松原经济技术开发区新农小区7号楼确定为中风险区】财联社1月21日讯，根据国务院应对新冠肺炎疫情联防联控机制关于科学划分、精准防控等工作要求，自2021年1月21日0时起，将松原经济技术开发区新农小区7号楼确定为中风险区。,【吉林松原经济技术开发区新农小区7号楼确定为中风险区】财联社1月21日讯，根据国务院应对新冠肺炎疫情联防联控机制关于科学划分、精准防控等工作要求，自2021年1月21日0时起，将松原经济技术开发区新农小区7号楼确定为中风险区。
37,2021-01-21 06:28:48,主权基金“巨无霸”盯上中国资产,【主权基金“巨无霸”盯上中国资产】财联社1月21日讯，挪威政府全球养老金资产管理规模达10780亿美元，为全球规模最大的主权基金。记者获悉，该基金日前发出“英雄帖”，寻觅中国操盘手。该基金运营机构—挪威央行投资管理公司日前在接受采访时表示，目前对候选管理人的投资风格并无特别偏好，但管理人需要重视投资公司的环境、社会、治理等问题。除此之外，记者还了解到，加拿大养老金等海外长线投资者近期也在纷纷调研，网罗优秀的中国投资选手。 (中证报),【主权基金“巨无霸”盯上中国资产】财联社1月21日讯，挪威政府全球养老金资产管理规模达10780亿美元，为全球规模最大的主权基金。记者获悉，该基金日前发出“英雄帖”，寻觅中国操盘手。该基金运营机构—挪威央行投资管理公司日前在接受采访时表示，目前对候选管理人的投资风格并无特别偏好，但管理人需要重视投资公司的环境、社会、治理等问题。除此之外，记者还了解到，加拿大养老金等海外长线投资者近期也在纷纷调研，网罗优秀的中国投资选手。 (中证报)
38,2021-01-21 06:24:20,瞄准三大关键词 多地“十四五”路线图明晰,【瞄准三大关键词 多地“十四五”路线图明晰】财联社1月21日讯，记者梳理发现，在陆续召开的地方两会及多地关于第十四个五年规划和二〇三五年远景目标的建议中，科技创新、新基建和发展现代产业体系成为热词。分析人士表示，围绕高质量发展主线，各地在科技创新、新基建、发展现代产业体系等方面加大布局力度，为“十四五”规划开好局奠定基础。 (中证报),【瞄准三大关键词 多地“十四五”路线图明晰】财联社1月21日讯，记者梳理发现，在陆续召开的地方两会及多地关于第十四个五年规划和二〇三五年远景目标的建议中，科技创新、新基建和发展现代产业体系成为热词。分析人士表示，围绕高质量发展主线，各地在科技创新、新基建、发展现代产业体系等方面加大布局力度，为“十四五”规划开好局奠定基础。 (中证报)
39,2021-01-21 06:23:40,逾400亿“红包雨”来了 公募基金霸气“炫富”,【逾400亿“红包雨”来了 公募基金霸气“炫富”】财联社1月21日讯，数据显示，截至1月20日，2021年以来共有430只基金（不同份额分开统计）实施分红，分红总规模为441.31亿元，较2020年同期的分红规模176.03亿元增长150.7%。具体看，2021年以来的基金分红中，权益类基金是绝对的主力军，其中有194只混合型基金分红349.72亿元，29只股票型基金分红56.37亿元，两类基金分红规模合计为406.09亿元，占比达到92.02%。 (中证报),【逾400亿“红包雨”来了 公募基金霸气“炫富”】财联社1月21日讯，数据显示，截至1月20日，2021年以来共有430只基金（不同份额分开统计）实施分红，分红总规模为441.31亿元，较2020年同期的分红规模176.03亿元增长150.7%。具体看，2021年以来的基金分红中，权益类基金是绝对的主力军，其中有194只混合型基金分红349.72亿元，29只股票型基金分红56.37亿元，两类基金分红规模合计为406.09亿元，占比达到92.02%。 (中证报)
40,2021-01-21 06:19:26,拜登签署一系列行政令 包括重新加入巴黎气候协定和世卫组织,【拜登签署一系列行政令 包括重新加入巴黎气候协定和世卫组织】财联社1月21日讯，拜登在就任总统的第一天签署17项行政命令，这些行政命令围绕解决“新冠危机、经济危机、气候危机和种族平等危机”等问题展开，包括重新加入巴黎气候协定和世卫组织。 (环球网),【拜登签署一系列行政令 包括重新加入巴黎气候协定和世卫组织】财联社1月21日讯，拜登在就任总统的第一天签署17项行政命令，这些行政命令围绕解决“新冠危机、经济危机、气候危机和种族平等危机”等问题展开，包括重新加入巴黎气候协定和世卫组织。 (环球网)
41,2021-01-21 06:00:43,,财联社1月21日讯，富士斯巴鲁汽车2月份将减产3万部，以应对芯片供应短缺问题。（日本朝日新闻）,财联社1月21日讯，富士斯巴鲁汽车2月份将减产3万部，以应对芯片供应短缺问题。（日本朝日新闻）
42,2021-01-21 05:59:40,美国新冠肺炎确诊病例超过2438万例,【美国新冠肺炎确诊病例超过2438万例】财联社1月21日讯，根据美国约翰斯·霍普金斯大学（Johns Hopkins University）于美国东部时间1月20日16时22分（北京时间21日5时22分）统计的数据显示，美国新冠肺炎确诊病例已超过2438万例，达到24382311例。死亡病例超过40.4万例，达到404898例。,【美国新冠肺炎确诊病例超过2438万例】财联社1月21日讯，根据美国约翰斯·霍普金斯大学（Johns Hopkins University）于美国东部时间1月20日16时22分（北京时间21日5时22分）统计的数据显示，美国新冠肺炎确诊病例已超过2438万例，达到24382311例。死亡病例超过40.4万例，达到404898例。
43,2021-01-21 05:58:50,俄外交部：希望延长《新削减战略武器条约》,【俄外交部：希望延长《新削减战略武器条约》】财联社1月21日讯，当地时间1月20日晚，俄罗斯外交部在其网站发表声明表示，俄方建议美俄两国延长《新削减战略武器条约》，条约期限为五年。声明发表于美国新任总统拜登宣誓就职以后，声明中指出此前特朗普政府并没有续约的意愿，但是俄方愿意继续与美国新政府保持公平互惠的合作，《新削减战略武器条约》的续期对于全世界各国都拥有重要意义。《新削减战略武器条约》是美俄两国间唯一军控条约，该条约将于2021年2月5日到期，但条约有效期可在两国协商后至多延长5年。,【俄外交部：希望延长《新削减战略武器条约》】财联社1月21日讯，当地时间1月20日晚，俄罗斯外交部在其网站发表声明表示，俄方建议美俄两国延长《新削减战略武器条约》，条约期限为五年。声明发表于美国新任总统拜登宣誓就职以后，声明中指出此前特朗普政府并没有续约的意愿，但是俄方愿意继续与美国新政府保持公平互惠的合作，《新削减战略武器条约》的续期对于全世界各国都拥有重要意义。《新削减战略武器条约》是美俄两国间唯一军控条约，该条约将于2021年2月5日到期，但条约有效期可在两国协商后至多延长5年。
44,2021-01-21 05:57:16,世卫组织：60个国家和地区已出现英国发现的变异新冠病毒,【世卫组织：60个国家和地区已出现英国发现的变异新冠病毒】财联社1月21日讯，世卫组织发布的每周流行病学报告指出，60个国家和地区已出现英国发现的变异新冠病毒，23个国家和地区已出现南非发现的变异新冠病毒。上周全球新冠肺炎确诊病例新增超过472万例，较前一周下降6%。死亡病例新增超过9.3万例，较前一周增加9%，创单周最高纪录。,【世卫组织：60个国家和地区已出现英国发现的变异新冠病毒】财联社1月21日讯，世卫组织发布的每周流行病学报告指出，60个国家和地区已出现英国发现的变异新冠病毒，23个国家和地区已出现南非发现的变异新冠病毒。上周全球新冠肺炎确诊病例新增超过472万例，较前一周下降6%。死亡病例新增超过9.3万例，较前一周增加9%，创单周最高纪录。
45,2021-01-21 05:30:45,,财联社1月21日讯，美国至1月15日当周API原油库存增加256.2万桶，预期减少28万桶，前值减少582.1万桶。,财联社1月21日讯，美国至1月15日当周API原油库存增加256.2万桶，预期减少28万桶，前值减少582.1万桶。
46,2021-01-21 05:22:58,,财联社1月21日讯，巴西央行维持基准利率在2%不变，符合市场预期。,财联社1月21日讯，巴西央行维持基准利率在2%不变，符合市场预期。
47,2021-01-21 05:22:34,,财联社1月21日讯，牛津大学的科学家们正筹备研发新版本的新冠肺炎疫苗。（英国每日电讯报）,财联社1月21日讯，牛津大学的科学家们正筹备研发新版本的新冠肺炎疫苗。（英国每日电讯报）
48,2021-01-21 05:01:49,美股三大指数均创收盘历史新高 科技股劲升助推纳指涨近2%,【美股三大指数均创收盘历史新高 科技股劲升助推纳指涨近2%】财联社1月21日讯，美股三大指数齐创收盘历史新高，道指涨0.83%，纳指涨1.97%，标普500指数涨1.39%。科技股集体走强，奈飞大涨16.85%，谷歌涨5.36%，均创历史新高，亚马逊涨4.57%，苹果、微软均涨超3%，Facebook涨超2%。中概股阿里巴巴涨5.54%，京东涨4.56%，百度涨4.18%。蔚来汽车跌1.27%，小鹏汽车跌2.64%，理想汽车涨0.45%。,【美股三大指数均创收盘历史新高 科技股劲升助推纳指涨近2%】财联社1月21日讯，美股三大指数齐创收盘历史新高，道指涨0.83%，纳指涨1.97%，标普500指数涨1.39%。科技股集体走强，奈飞大涨16.85%，谷歌涨5.36%，均创历史新高，亚马逊涨4.57%，苹果、微软均涨超3%，Facebook涨超2%。中概股阿里巴巴涨5.54%，京东涨4.56%，百度涨4.18%。蔚来汽车跌1.27%，小鹏汽车跌2.64%，理想汽车涨0.45%。
49,2021-01-21 04:12:29,证监会扩容随机抽查清单 压实中介机构“看门人”责任,【证监会扩容随机抽查清单 压实中介机构“看门人”责任】财联社1月21日讯，近期，为贯彻落实新《证券法》，证监会对《中国证监会随机抽查事项清单》进行修改。同时，根据工作实际对抽查事项进行动态调整。据了解，该清单新增“首发企业检查”、“律师事务所从事证券法律业务检查”、“信息技术系统服务机构从事证券基金服务业务检查”。与此同时，监管层还对部分抽查事项的比例进行修改，比如评级机构从事证券市场资信评级业务检查的抽查比例下限有所提高，下限从10%提高至20%。 (证券时报),【证监会扩容随机抽查清单 压实中介机构“看门人”责任】财联社1月21日讯，近期，为贯彻落实新《证券法》，证监会对《中国证监会随机抽查事项清单》进行修改。同时，根据工作实际对抽查事项进行动态调整。据了解，该清单新增“首发企业检查”、“律师事务所从事证券法律业务检查”、“信息技术系统服务机构从事证券基金服务业务检查”。与此同时，监管层还对部分抽查事项的比例进行修改，比如评级机构从事证券市场资信评级业务检查的抽查比例下限有所提高，下限从10%提高至20%。 (证券时报)
50,2021-01-21 03:34:23,国际原油期货小幅收高,【国际原油期货小幅收高】财联社1月21日讯，WTI 2月原油期货收涨0.26美元，涨幅0.49%，报53.24美元/桶。布伦特3月原油期货收涨0.18美元，涨幅0.32%，报56.08美元/桶。,【国际原油期货小幅收高】财联社1月21日讯，WTI 2月原油期货收涨0.26美元，涨幅0.49%，报53.24美元/桶。布伦特3月原油期货收涨0.18美元，涨幅0.32%，报56.08美元/桶。
51,2021-01-21 03:29:53,,财联社1月21日讯，美股高开高走，纳指涨幅扩大至2%。,财联社1月21日讯，美股高开高走，纳指涨幅扩大至2%。
52,2021-01-21 03:05:41,法国新增新冠肺炎确诊病例26784例 累计2965117例,【法国新增新冠肺炎确诊病例26784例 累计2965117例】财联社1月21日讯，法国公共卫生部门当地时间1月20日公布的数据显示，截至当天下午，法国新增新冠肺炎确诊病例26784例，累计2965117例。累计报告死亡病例达71652例，24小时新增310例。,【法国新增新冠肺炎确诊病例26784例 累计2965117例】财联社1月21日讯，法国公共卫生部门当地时间1月20日公布的数据显示，截至当天下午，法国新增新冠肺炎确诊病例26784例，累计2965117例。累计报告死亡病例达71652例，24小时新增310例。
53,2021-01-21 02:59:31,,财联社1月21日讯，COMEX 2月黄金期货收涨1.43%，报1866.50美元/盎司。,财联社1月21日讯，COMEX 2月黄金期货收涨1.43%，报1866.50美元/盎司。
54,2021-01-21 02:49:05,,财联社1月21日讯，意大利参议院批准了高达320亿欧元的额外赤字支出。,财联社1月21日讯，意大利参议院批准了高达320亿欧元的额外赤字支出。
55,2021-01-21 02:48:52,非洲大陆新冠肺炎累计确诊病例超330万人,【非洲大陆新冠肺炎累计确诊病例超330万人】财联社1月21日讯，据非洲疾控中心统计数据，截至当地时间2021年1月20日12时，非洲大陆累计确诊病例达3308919例，累计死亡80939例，累计康复2755880例。,【非洲大陆新冠肺炎累计确诊病例超330万人】财联社1月21日讯，据非洲疾控中心统计数据，截至当地时间2021年1月20日12时，非洲大陆累计确诊病例达3308919例，累计死亡80939例，累计康复2755880例。
56,2021-01-21 02:46:59,贝莱德或将通过某些基金购买比特币期货,【贝莱德或将通过某些基金购买比特币期货】财联社1月21日讯，据The Block报道称，美国证券交易委员会收到的两份文件显示，规模达万亿美元的资产管理巨头贝莱德将通过旗下部分基金配置比特币期货。但文件本身并没有明确表示贝莱德基金正在购买比特币期货，也没有表明贝莱德可能会购买以现金或实际比特币结算的期货。,【贝莱德或将通过某些基金购买比特币期货】财联社1月21日讯，据The Block报道称，美国证券交易委员会收到的两份文件显示，规模达万亿美元的资产管理巨头贝莱德将通过旗下部分基金配置比特币期货。但文件本身并没有明确表示贝莱德基金正在购买比特币期货，也没有表明贝莱德可能会购买以现金或实际比特币结算的期货。
57,2021-01-21 02:30:48,,财联社1月21日讯，上期所原油期货SC2103合约夜盘收涨1.27%，报344元/桶。,财联社1月21日讯，上期所原油期货SC2103合约夜盘收涨1.27%，报344元/桶。
58,2021-01-21 02:12:18,葡萄牙新增新冠肺炎确诊病例14647例 累计581605例,【葡萄牙新增新冠肺炎确诊病例14647例 累计581605例】财联社1月21日讯，根据葡萄牙卫生部在当地时间1月20日的官方数据，该国累计新冠肺炎确诊病例达到581605例，累计死亡病例9465例。过去24小时新增确诊病例14647例，单日新增死亡病例219例。该国单日新增确诊和死亡病例均再度创下疫情以来新高。,【葡萄牙新增新冠肺炎确诊病例14647例 累计581605例】财联社1月21日讯，根据葡萄牙卫生部在当地时间1月20日的官方数据，该国累计新冠肺炎确诊病例达到581605例，累计死亡病例9465例。过去24小时新增确诊病例14647例，单日新增死亡病例219例。该国单日新增确诊和死亡病例均再度创下疫情以来新高。
59,2021-01-21 02:01:08,意大利新增新冠肺炎确诊病例13571例 累计确诊2414166例,【意大利新增新冠肺炎确诊病例13571例 累计确诊2414166例】财联社1月21日讯，根据意大利卫生部公布的数据，截至当地时间20日，意大利单日新增新冠病毒感染病例13571例，累计确诊2414166例（艾米利亚·罗马涅大区核减3例，瓦莱·达奥斯塔大区核减19例），新增死亡524例，累计死亡83681例，新增治愈25015例，累计治愈1806932例。现存确诊病例523553例。,【意大利新增新冠肺炎确诊病例13571例 累计确诊2414166例】财联社1月21日讯，根据意大利卫生部公布的数据，截至当地时间20日，意大利单日新增新冠病毒感染病例13571例，累计确诊2414166例（艾米利亚·罗马涅大区核减3例，瓦莱·达奥斯塔大区核减19例），新增死亡524例，累计死亡83681例，新增治愈25015例，累计治愈1806932例。现存确诊病例523553例。
60,2021-01-21 01:59:13,奈飞大涨16%股价创历史新高,【奈飞大涨16%股价创历史新高】财联社1月21日讯，美股大型科技股涨幅扩大，奈飞涨16%，谷歌涨5%，齐创历史新高，苹果、亚马逊、Facebook、微软均涨超3%。,【奈飞大涨16%股价创历史新高】财联社1月21日讯，美股大型科技股涨幅扩大，奈飞涨16%，谷歌涨5%，齐创历史新高，苹果、亚马逊、Facebook、微软均涨超3%。
61,2021-01-21 01:57:13,西班牙新增新冠肺炎确诊病例18500例 累计2412318例,【西班牙新增新冠肺炎确诊病例18500例 累计2412318例】财联社1月21日讯，西班牙卫生部在当地时间1月20日的最新官方数据显示，该国检测出的新冠肺炎累计确诊病例达到2412318例，累计死亡病例54637例，过去24小时新增确诊病例18500例，过去7天新增死亡病例1146例。相比于上一次报送数据的1月19日，该国新增报送新冠肺炎确诊病例41576例，新增报送死亡病例464例。,【西班牙新增新冠肺炎确诊病例18500例 累计2412318例】财联社1月21日讯，西班牙卫生部在当地时间1月20日的最新官方数据显示，该国检测出的新冠肺炎累计确诊病例达到2412318例，累计死亡病例54637例，过去24小时新增确诊病例18500例，过去7天新增死亡病例1146例。相比于上一次报送数据的1月19日，该国新增报送新冠肺炎确诊病例41576例，新增报送死亡病例464例。
62,2021-01-21 01:46:46,拜登正式宣誓就职美国第46任总统 就职演说透露这些信息,【拜登正式宣誓就职美国第46任总统 就职演说透露这些信息】财联社1月21日讯，当地时间1月20日，在约2.5万名国民警卫队员护卫下，拜登在华盛顿正式宣誓就任美国第46任总统。拜登就职演说有几个要点：①承认美国被“深刻撕裂”，呼吁“团结”；②新冠疫情下美国正经历“危险冬天”，为逝者默哀，将积极抗疫；③将打击美国政治极端主义、排外主义和国内恐怖主义；④拒绝“美国孤立”，将修复与盟友关系，与世界再次建立“良好联系”。,【拜登正式宣誓就职美国第46任总统 就职演说透露这些信息】财联社1月21日讯，当地时间1月20日，在约2.5万名国民警卫队员护卫下，拜登在华盛顿正式宣誓就任美国第46任总统。拜登就职演说有几个要点：①承认美国被“深刻撕裂”，呼吁“团结”；②新冠疫情下美国正经历“危险冬天”，为逝者默哀，将积极抗疫；③将打击美国政治极端主义、排外主义和国内恐怖主义；④拒绝“美国孤立”，将修复与盟友关系，与世界再次建立“良好联系”。
63,2021-01-21 01:35:03,拜登发表就职演说：美国将修复联盟 并再次与世界接触,【拜登发表就职演说：美国将修复联盟 并再次与世界接触】财联社1月21日讯，美国有线电视新闻网（CNN）消息，美国当选总统拜登在国会大厦前的台阶上宣誓就职。拜登表示：“这是我给美国以外的人们传达的信息：美国经历了考验，我们因此变得更加强大。我们将修复我们的联盟，并再次与世界接触。”报道称，拜登承诺要改变前任的孤立主义政策。拜登随后说道：“我们将引领，不仅是以我们的力量为范例，还要通过我们作为榜样的力量。我们将成为和平、进步与安全的有力和值得信赖的伙伴。”,【拜登发表就职演说：美国将修复联盟 并再次与世界接触】财联社1月21日讯，美国有线电视新闻网（CNN）消息，美国当选总统拜登在国会大厦前的台阶上宣誓就职。拜登表示：“这是我给美国以外的人们传达的信息：美国经历了考验，我们因此变得更加强大。我们将修复我们的联盟，并再次与世界接触。”报道称，拜登承诺要改变前任的孤立主义政策。拜登随后说道：“我们将引领，不仅是以我们的力量为范例，还要通过我们作为榜样的力量。我们将成为和平、进步与安全的有力和值得信赖的伙伴。”
64,2021-01-21 01:21:49,英国单日新增新冠确诊死亡患者1820人 再达最高值,【英国单日新增新冠确诊死亡患者1820人 再达最高值】财联社1月21日讯，据英国政府网站最新数据，截止到当地时间1月20日，英国新增确诊新冠肺炎病例38905例，累计确诊病例3505754例；当日新增新冠确诊死亡患者1820人，继19日后再次出现英国自暴发疫情以来的单日新增死亡最高记录，目前英国累计新冠确诊死亡患者93290人。,【英国单日新增新冠确诊死亡患者1820人 再达最高值】财联社1月21日讯，据英国政府网站最新数据，截止到当地时间1月20日，英国新增确诊新冠肺炎病例38905例，累计确诊病例3505754例；当日新增新冠确诊死亡患者1820人，继19日后再次出现英国自暴发疫情以来的单日新增死亡最高记录，目前英国累计新冠确诊死亡患者93290人。
65,2021-01-21 01:06:01,外交部发言人宣布中方对蓬佩奥等人实施制裁,【外交部发言人宣布中方对蓬佩奥等人实施制裁】财联社1月21日讯，外交部发言人表示，过去几年，美国一些反华政客出于一己政治私利和对华偏见仇恨，罔顾中美两国人民的利益，策划、推动实施了一系列疯狂的行径，严重干涉中国内政、损害了中国的利益、伤害了中国人民的感情，也严重破坏了中美关系。中国政府捍卫国家主权安全发展利益的决心坚定不移。中方决定对在涉华问题上严重侵犯中国主权、负有主要责任的28名人员实施制裁，包括特朗普政府中的蓬佩奥、纳瓦罗、奥布莱恩、史达伟、波廷杰、阿扎、克拉奇、克拉夫特以及博尔顿、班农等。这些人及其家属被禁止入境中国内地和香港、澳门，他们及其关联企业、机构也已被限制与中国打交道、做生意。,【外交部发言人宣布中方对蓬佩奥等人实施制裁】财联社1月21日讯，外交部发言人表示，过去几年，美国一些反华政客出于一己政治私利和对华偏见仇恨，罔顾中美两国人民的利益，策划、推动实施了一系列疯狂的行径，严重干涉中国内政、损害了中国的利益、伤害了中国人民的感情，也严重破坏了中美关系。中国政府捍卫国家主权安全发展利益的决心坚定不移。中方决定对在涉华问题上严重侵犯中国主权、负有主要责任的28名人员实施制裁，包括特朗普政府中的蓬佩奥、纳瓦罗、奥布莱恩、史达伟、波廷杰、阿扎、克拉奇、克拉夫特以及博尔顿、班农等。这些人及其家属被禁止入境中国内地和香港、澳门，他们及其关联企业、机构也已被限制与中国打交道、做生意。
66,2021-01-21 00:49:52,拜登宣誓就任美国总统,【拜登宣誓就任美国总统】财联社1月21日讯，当地时间1月20日，美国当选总统拜登在首都华盛顿国会山举行的就职典礼上正式宣誓就任美国第46任总统。拜登1942年11月出生于美国宾夕法尼亚州，律师出身，1970年踏入政界，1972年首次当选联邦参议员，曾任参议院司法委员会和对外关系委员会主席，在奥巴马执政时期任美国副总统。,【拜登宣誓就任美国总统】财联社1月21日讯，当地时间1月20日，美国当选总统拜登在首都华盛顿国会山举行的就职典礼上正式宣誓就任美国第46任总统。拜登1942年11月出生于美国宾夕法尼亚州，律师出身，1970年踏入政界，1972年首次当选联邦参议员，曾任参议院司法委员会和对外关系委员会主席，在奥巴马执政时期任美国副总统。
67,2021-01-21 00:43:21,卡玛拉·哈里斯宣誓就任美国副总统,【卡玛拉·哈里斯宣誓就任美国副总统】财联社1月21日讯，据美国有线电视新闻网（CNN）报道，当地时间1月20日，美国当选副总统卡玛拉·哈里斯宣誓就职，美国迎来首位女性副总统。哈里斯的当选打破了女性在美国政界天花板，她也成为美国历史上公职职位最高的女性。哈里斯1964年10月出生于加利福尼亚州奥克兰，毕业于美国霍华德大学和加州大学黑斯廷斯法学院，曾在旧金山地区长期担任地方检察官，2010年当选加州州检察长，2014年获得连任。2016年美国大选中，哈里斯当选加利福尼亚州联邦参议员，并于2017年1月宣誓就职。,【卡玛拉·哈里斯宣誓就任美国副总统】财联社1月21日讯，据美国有线电视新闻网（CNN）报道，当地时间1月20日，美国当选副总统卡玛拉·哈里斯宣誓就职，美国迎来首位女性副总统。哈里斯的当选打破了女性在美国政界天花板，她也成为美国历史上公职职位最高的女性。哈里斯1964年10月出生于加利福尼亚州奥克兰，毕业于美国霍华德大学和加州大学黑斯廷斯法学院，曾在旧金山地区长期担任地方检察官，2010年当选加州州检察长，2014年获得连任。2016年美国大选中，哈里斯当选加利福尼亚州联邦参议员，并于2017年1月宣誓就职。
68,2021-01-21 00:34:54,欧股集体收涨,【欧股集体收涨】财联社1月21日讯，欧股集体收涨，德国DAX指数涨0.77%报13921.37点，法国CAC40指数涨0.53%报5628.44点，英国富时100指数涨0.34%报6735.91点。,【欧股集体收涨】财联社1月21日讯，欧股集体收涨，德国DAX指数涨0.77%报13921.37点，法国CAC40指数涨0.53%报5628.44点，英国富时100指数涨0.34%报6735.91点。
69,2021-01-21 00:13:38,国家卫健委：返乡人员可在出发地或目的地任意一家有核酸检测资质的机构检测,【国家卫健委：返乡人员可在出发地或目的地任意一家有核酸检测资质的机构检测】财联社1月21日讯，国家卫健委表示，返乡人员可在出发地或目的地的任意一家有核酸检测资质的医疗机构、疾控机构或第三方检测机构进行检测，凭7天内核酸检测阴性证明或包含7天内核酸检测阴性信息的健康通行码“绿码”返回农村地区。返乡人员返乡前应告知当地村委会，返乡后由村委会查验其7天内核酸检测阴性证明或包含7天内核酸检测阴性信息的健康通行码“绿码”。,【国家卫健委：返乡人员可在出发地或目的地任意一家有核酸检测资质的机构检测】财联社1月21日讯，国家卫健委表示，返乡人员可在出发地或目的地的任意一家有核酸检测资质的医疗机构、疾控机构或第三方检测机构进行检测，凭7天内核酸检测阴性证明或包含7天内核酸检测阴性信息的健康通行码“绿码”返回农村地区。返乡人员返乡前应告知当地村委会，返乡后由村委会查验其7天内核酸检测阴性证明或包含7天内核酸检测阴性信息的健康通行码“绿码”。
70,2021-01-21 00:11:48,国家卫健委：《冬春季农村地区新冠肺炎疫情防控工作方案》所指返乡人员主要包括三类人群,【国家卫健委：《冬春季农村地区新冠肺炎疫情防控工作方案》所指返乡人员主要包括三类人群】财联社1月21日讯，国家卫健委表示，农村地区防控能力薄弱，疫情防控难度大，特别是春运期间返乡人员明显增多，人员流动增大，将会进一步加大疫情传播风险。为严格落实内防反弹的防控策略，对返乡人员加强疫情防控管理十分必要。核酸检测是目前尽早发现新冠病毒感染者的有效手段，要求返乡人员持核酸检测阴性证明能够有效降低疫情传入农村的风险。返乡人员是指从外地返回农村地区的人员，主要包括：一是跨省份返乡人员；二是来自本省内中高风险区域所在地市的返乡人员（中高风险区域内部人员原则上不流动）；三是本省内的进口冷链食品从业人员、口岸直接接触进口货物从业人员、隔离场所工作人员、交通运输工具从业人员等重点人群。,【国家卫健委：《冬春季农村地区新冠肺炎疫情防控工作方案》所指返乡人员主要包括三类人群】财联社1月21日讯，国家卫健委表示，农村地区防控能力薄弱，疫情防控难度大，特别是春运期间返乡人员明显增多，人员流动增大，将会进一步加大疫情传播风险。为严格落实内防反弹的防控策略，对返乡人员加强疫情防控管理十分必要。核酸检测是目前尽早发现新冠病毒感染者的有效手段，要求返乡人员持核酸检测阴性证明能够有效降低疫情传入农村的风险。返乡人员是指从外地返回农村地区的人员，主要包括：一是跨省份返乡人员；二是来自本省内中高风险区域所在地市的返乡人员（中高风险区域内部人员原则上不流动）；三是本省内的进口冷链食品从业人员、口岸直接接触进口货物从业人员、隔离场所工作人员、交通运输工具从业人员等重点人群。
71,2021-01-20 23:58:18,国家卫健委：持核酸检测阴性证明返乡时间为1月28日至3月8日 返乡后不需要隔离,【国家卫健委：持核酸检测阴性证明返乡时间为1月28日至3月8日 返乡后不需要隔离】财联社1月20日讯，国家卫健委表示，持核酸检测阴性证明返乡从1月28日春运开始后实施，至3月8日春运结束后截止。持核酸检测阴性证明返乡后不需要隔离，但需要进行14天居家健康监测，做好体温、症状监测，非必要不外出、不聚集，必须外出时做好个人防护，并在返乡后第7天和第14天分别做一次核酸检测。返乡不满14天的，以实际返乡时间落实居家健康监测和核酸检测要求。,【国家卫健委：持核酸检测阴性证明返乡时间为1月28日至3月8日 返乡后不需要隔离】财联社1月20日讯，国家卫健委表示，持核酸检测阴性证明返乡从1月28日春运开始后实施，至3月8日春运结束后截止。持核酸检测阴性证明返乡后不需要隔离，但需要进行14天居家健康监测，做好体温、症状监测，非必要不外出、不聚集，必须外出时做好个人防护，并在返乡后第7天和第14天分别做一次核酸检测。返乡不满14天的，以实际返乡时间落实居家健康监测和核酸检测要求。
72,2021-01-20 23:53:12,网传上海新增2例本地确诊系旧闻,【网传上海新增2例本地确诊系旧闻】财联社1月20日讯，据查证，今天网上热传的“上海新增2例本地新冠肺炎确诊病例，正全面开展流行病学调查”消息不实，系2020年11月20日旧闻。 (东方网),【网传上海新增2例本地确诊系旧闻】财联社1月20日讯，据查证，今天网上热传的“上海新增2例本地新冠肺炎确诊病例，正全面开展流行病学调查”消息不实，系2020年11月20日旧闻。 (东方网)
73,2021-01-20 23:36:57,在岸人民币兑美元夜盘收涨170点,【在岸人民币兑美元夜盘收涨170点】财联社1月20日讯，在岸人民币兑美元（CNY）北京时间23:30收报6.4630元，较周二夜盘收盘涨170点。成交量417.61亿美元，较周二增加59.51亿美元。,【在岸人民币兑美元夜盘收涨170点】财联社1月20日讯，在岸人民币兑美元（CNY）北京时间23:30收报6.4630元，较周二夜盘收盘涨170点。成交量417.61亿美元，较周二增加59.51亿美元。
74,2021-01-20 23:36:48,澳门居民21日起可在澳办理珠海社保业务,【澳门居民21日起可在澳办理珠海社保业务】财联社1月20日讯，自1月21日起，澳门居民即可通过澳门工联总会及下属工会、机构23个网点、工银澳门8家经办分行、工商银行珠海分行8个指定网点、工商银行横琴分行2个指定网点办理10项珠海社保业务，服务范围覆盖澳门各区，便利持珠海居住证的澳门居民。据介绍，工联总会与珠海市社会保险基金管理中心、中国工商银行的签约，是一项创新服务，希望借此进一步促进大湾区内人员流动，加快澳门融入国家发展大局的步伐。,【澳门居民21日起可在澳办理珠海社保业务】财联社1月20日讯，自1月21日起，澳门居民即可通过澳门工联总会及下属工会、机构23个网点、工银澳门8家经办分行、工商银行珠海分行8个指定网点、工商银行横琴分行2个指定网点办理10项珠海社保业务，服务范围覆盖澳门各区，便利持珠海居住证的澳门居民。据介绍，工联总会与珠海市社会保险基金管理中心、中国工商银行的签约，是一项创新服务，希望借此进一步促进大湾区内人员流动，加快澳门融入国家发展大局的步伐。
75,2021-01-20 23:27:27,,财联社1月20日讯，据CNN消息，美国最高法院受到炸弹威胁，目前正在疏散当中。,财联社1月20日讯，据CNN消息，美国最高法院受到炸弹威胁，目前正在疏散当中。
76,2021-01-20 23:24:33,,财联社1月20日讯，现货白银日内涨幅达2%，现报25.73美元/盎司。,财联社1月20日讯，现货白银日内涨幅达2%，现报25.73美元/盎司。
77,2021-01-20 23:04:36,上海肿瘤医院：一人核酸检测结果可疑 后续结果将及时公布,【上海肿瘤医院：一人核酸检测结果可疑 后续结果将及时公布】财联社1月20日讯，复旦大学附属肿瘤医院发布情况通报：1月20日，该院在对外包后勤保障人员开展例行新冠肺炎核酸检测中发现一人检测结果可疑。根据防控要求，已对该人员进行进一步临床检查和实验室复核。同时，已对相关人员进行追踪排查和流行病学调查。后续结果将及时向社会公布。,【上海肿瘤医院：一人核酸检测结果可疑 后续结果将及时公布】财联社1月20日讯，复旦大学附属肿瘤医院发布情况通报：1月20日，该院在对外包后勤保障人员开展例行新冠肺炎核酸检测中发现一人检测结果可疑。根据防控要求，已对该人员进行进一步临床检查和实验室复核。同时，已对相关人员进行追踪排查和流行病学调查。后续结果将及时向社会公布。
78,2021-01-20 23:01:53,国内商品期货夜盘收盘涨跌不一 能源化工品表现分化,【国内商品期货夜盘收盘涨跌不一 能源化工品表现分化】财联社1月20日讯，国内商品期货夜盘收盘涨跌不一，能源化工品表现分化，玻璃涨1.21%，乙二醇涨0.49%，苯乙烯跌1.6%，PTA跌0.55%。黑色系多数下跌，焦煤跌0.61%，铁矿石跌0.52%，热轧卷板跌0.27%，动力煤跌0.24%，螺纹钢涨0.21%，焦炭涨1.65%。农产品多数下跌，菜粕跌0.98%，棕榈油跌0.91%，豆二跌0.85%。,【国内商品期货夜盘收盘涨跌不一 能源化工品表现分化】财联社1月20日讯，国内商品期货夜盘收盘涨跌不一，能源化工品表现分化，玻璃涨1.21%，乙二醇涨0.49%，苯乙烯跌1.6%，PTA跌0.55%。黑色系多数下跌，焦煤跌0.61%，铁矿石跌0.52%，热轧卷板跌0.27%，动力煤跌0.24%，螺纹钢涨0.21%，焦炭涨1.65%。农产品多数下跌，菜粕跌0.98%，棕榈油跌0.91%，豆二跌0.85%。
79,2021-01-20 23:00:36,,财联社1月20日讯，加拿大央行将基准利率维持在0.25%不变，符合市场预期。,财联社1月20日讯，加拿大央行将基准利率维持在0.25%不变，符合市场预期。
80,2021-01-20 22:57:42,天津新增5例境外输入确诊病例新增1例境外输入无症状感染者,【天津新增5例境外输入确诊病例新增1例境外输入无症状感染者】财联社1月20日讯，1月19日18时至20日18时，天津新增5例境外输入新冠肺炎确诊病例（其中，轻型2例，普通型3例，均为中国籍）；新增无症状感染者1例（境外输入，中国籍）。,【天津新增5例境外输入确诊病例新增1例境外输入无症状感染者】财联社1月20日讯，1月19日18时至20日18时，天津新增5例境外输入新冠肺炎确诊病例（其中，轻型2例，普通型3例，均为中国籍）；新增无症状感染者1例（境外输入，中国籍）。
81,2021-01-20 22:48:45,航天信息与中国石油规划总院区块链应用共研项目正式启动,【航天信息与中国石油规划总院区块链应用共研项目正式启动】财联社1月20日讯，近日，公司与中国石油规划总院达成合作，双方将在油气行业区块链平台搭建及区块链供应链金融应用领域开展合作。该平台依托区块链技术的去中心化和去信任化特性，使区块链供应链金融具有控制合约风险、增加信任机制、便于信任传递、提高履约效率等特点，更高效地帮助企业实现资金信贷、流转，提升信用，解决融资难等问题，为企业提供低成本、低风险、高透明以及更高效的融资环境。,【航天信息与中国石油规划总院区块链应用共研项目正式启动】财联社1月20日讯，近日，公司与中国石油规划总院达成合作，双方将在油气行业区块链平台搭建及区块链供应链金融应用领域开展合作。该平台依托区块链技术的去中心化和去信任化特性，使区块链供应链金融具有控制合约风险、增加信任机制、便于信任传递、提高履约效率等特点，更高效地帮助企业实现资金信贷、流转，提升信用，解决融资难等问题，为企业提供低成本、低风险、高透明以及更高效的融资环境。
82,2021-01-20 22:40:46,吉林：坚决杜绝借疫情防控之机哄抬防疫用品药品和基本民生商品价格等行为,【吉林：坚决杜绝借疫情防控之机哄抬防疫用品药品和基本民生商品价格等行为】财联社1月20日讯，吉林省市场监管厅组织召开线上价格提醒告诫会，15家全省连锁药店、超市、社区团购平台经营者代表参加会议。会议指出，近期，吉林省疫情出现反弹，经营者要提高政治意识，充分认识到稳物价就是稳人心，切实落实主体责任，加强价格自律，坚决杜绝借疫情防控之机哄抬防疫用品药品和基本民生商品价格、串通涨价、囤积居奇等损害群众利益的行为，自觉维护市场价格秩序。各社区团购平台和参与社区团购业务的经营者开展经营活动要严格落实社区团购“九不得”。,【吉林：坚决杜绝借疫情防控之机哄抬防疫用品药品和基本民生商品价格等行为】财联社1月20日讯，吉林省市场监管厅组织召开线上价格提醒告诫会，15家全省连锁药店、超市、社区团购平台经营者代表参加会议。会议指出，近期，吉林省疫情出现反弹，经营者要提高政治意识，充分认识到稳物价就是稳人心，切实落实主体责任，加强价格自律，坚决杜绝借疫情防控之机哄抬防疫用品药品和基本民生商品价格、串通涨价、囤积居奇等损害群众利益的行为，自觉维护市场价格秩序。各社区团购平台和参与社区团购业务的经营者开展经营活动要严格落实社区团购“九不得”。
83,2021-01-20 22:37:31,北京2020年GDP达36102.6亿元 同比增长1.2%,【北京2020年GDP达36102.6亿元 同比增长1.2%】财联社1月20日讯，今日，北京市统计局召开新闻发布会，介绍2020年北京市经济运行情况。根据地区生产总值统一核算结果，2020年，北京实现地区生产总值（GDP）36102.6亿元，按可比价格计算，比上年增长1.2%。分产业看，第一产业实现增加值107.6亿元，下降8.5%；第二产业实现增加值5716.4亿元，增长2.1%；第三产业实现增加值30278.6亿元，增长1.0%。,【北京2020年GDP达36102.6亿元 同比增长1.2%】财联社1月20日讯，今日，北京市统计局召开新闻发布会，介绍2020年北京市经济运行情况。根据地区生产总值统一核算结果，2020年，北京实现地区生产总值（GDP）36102.6亿元，按可比价格计算，比上年增长1.2%。分产业看，第一产业实现增加值107.6亿元，下降8.5%；第二产业实现增加值5716.4亿元，增长2.1%；第三产业实现增加值30278.6亿元，增长1.0%。
84,2021-01-20 22:35:44,【寻找年报预期差】四季度业绩环比大增5倍，连续6年销售毛利率超60%以上，这家信创龙头客户涵盖大型集成厂商、整机厂商、军工集团，核心产品市占率遥遥领先,①四季度业绩环比大增5倍，连续6年销售毛利率超60%以上，这家信创龙头客户涵盖大型集成厂商、整机厂商、军工集团，核心产品市占率遥遥领先；②细分产品市占率近30%，这家新能源标的业绩大超预期，已陆续进入华为、中移动等客户核心供应链；③本栏目昨日梳理的欧普康视喜获涨停，并给予买入机会。,①四季度业绩环比大增5倍，连续6年销售毛利率超60%以上，这家信创龙头客户涵盖大型集成厂商、整机厂商、军工集团，核心产品市占率遥遥领先；②细分产品市占率近30%，这家新能源标的业绩大超预期，已陆续进入华为、中移动等客户核心供应链；③本栏目昨日梳理的欧普康视喜获涨停，并给予买入机会。
85,2021-01-20 22:30:29,美国三大股指集体高开 百度涨近4%,【美国三大股指集体高开 百度涨近4%】财联社1月20日讯，美股全线高开，道指涨0.3%，纳指涨1.09%，标普500指数涨0.62%。百度涨近4%，消息称百度拟春节后在港上市。特斯拉涨近2%，此前多家投行上调其目标价。阿里巴巴开涨6%，时隔88天后马云首度公开露面。,【美国三大股指集体高开 百度涨近4%】财联社1月20日讯，美股全线高开，道指涨0.3%，纳指涨1.09%，标普500指数涨0.62%。百度涨近4%，消息称百度拟春节后在港上市。特斯拉涨近2%，此前多家投行上调其目标价。阿里巴巴开涨6%，时隔88天后马云首度公开露面。
86,2021-01-20 22:25:04,江西：所有来（返）赣人员须持7日内核酸检测阴性证明 返乡后实行14天居家健康监测,【江西：所有来（返）赣人员须持7日内核酸检测阴性证明 返乡后实行14天居家健康监测】财联社1月20日讯，江西切实做好冬春季疫情防控工作，所有来（返）赣人员须持7日内核酸检测阴性证明，并在抵赣前24小时由本人或其亲友向所在社区（村组）或单位如实报告，各乡镇（街道）、行政村（居委会）落实责任制，对返乡人员实行网格化管理，做好登记造册、健康监测和异常状况处置等工作。返乡后实行14天居家健康监测，期间不聚集、不流动，每7天开展一次核酸检测。,【江西：所有来（返）赣人员须持7日内核酸检测阴性证明 返乡后实行14天居家健康监测】财联社1月20日讯，江西切实做好冬春季疫情防控工作，所有来（返）赣人员须持7日内核酸检测阴性证明，并在抵赣前24小时由本人或其亲友向所在社区（村组）或单位如实报告，各乡镇（街道）、行政村（居委会）落实责任制，对返乡人员实行网格化管理，做好登记造册、健康监测和异常状况处置等工作。返乡后实行14天居家健康监测，期间不聚集、不流动，每7天开展一次核酸检测。
87,2021-01-20 22:07:07,中金公司王汉锋：南下资金仍有流入空间 港股热度大概率延续,【中金公司王汉锋：南下资金仍有流入空间 港股热度大概率延续】财联社1月20日讯，中金公司首席策略师、董事总经理王汉锋在万得资讯3C会议中认为，从增长、流动性、估值、市场结构变化等四方面综合来看，港股市场的热度，大概率仍将延续。“预计在港股保持估值等吸引力前提下，南下资金2021年的规模有望维持在5000亿元至6000亿元水平。”,【中金公司王汉锋：南下资金仍有流入空间 港股热度大概率延续】财联社1月20日讯，中金公司首席策略师、董事总经理王汉锋在万得资讯3C会议中认为，从增长、流动性、估值、市场结构变化等四方面综合来看，港股市场的热度，大概率仍将延续。“预计在港股保持估值等吸引力前提下，南下资金2021年的规模有望维持在5000亿元至6000亿元水平。”
88,2021-01-20 22:03:43,湖北襄阳：将安排春节返襄回襄人员一次免费核酸检测,【湖北襄阳：将安排春节返襄回襄人员一次免费核酸检测】财联社1月20日讯，湖北省襄阳市新型冠状病毒感染肺炎疫情防控指挥部发布通告称，国内低风险地区人员往来襄阳，凭健康码绿码、测体温正常即可通行。春节返襄回襄人员要规划好行程，做好个人防护，到家后第一时间向所在的村（社区）报告，由村（社区）安排一次免费核酸检测。宾馆酒店对入住旅客，根据个人意愿，免费提供一次核酸检测服务。,【湖北襄阳：将安排春节返襄回襄人员一次免费核酸检测】财联社1月20日讯，湖北省襄阳市新型冠状病毒感染肺炎疫情防控指挥部发布通告称，国内低风险地区人员往来襄阳，凭健康码绿码、测体温正常即可通行。春节返襄回襄人员要规划好行程，做好个人防护，到家后第一时间向所在的村（社区）报告，由村（社区）安排一次免费核酸检测。宾馆酒店对入住旅客，根据个人意愿，免费提供一次核酸检测服务。
89,2021-01-20 22:02:52,中国中期：重组方案需调整完善 明起继续停牌,【中国中期：重组方案需调整完善 明起继续停牌】财联社1月20日讯，中国中期公告，公司因筹划发行股份购买国际期货70.02%股权并配套募资事项自1月14日开市起停牌。停牌期间，交易各方主要就重组方案进行了进一步协商，鉴于此次重大资产重组方案需要调整和完善，并需要与有权机关进一步进行政策咨询和方案论证，公司预计无法在1月21日前按照要求披露相关信息。公司股票自1月21日上午开市起继续停牌。,【中国中期：重组方案需调整完善 明起继续停牌】财联社1月20日讯，中国中期公告，公司因筹划发行股份购买国际期货70.02%股权并配套募资事项自1月14日开市起停牌。停牌期间，交易各方主要就重组方案进行了进一步协商，鉴于此次重大资产重组方案需要调整和完善，并需要与有权机关进一步进行政策咨询和方案论证，公司预计无法在1月21日前按照要求披露相关信息。公司股票自1月21日上午开市起继续停牌。
90,2021-01-20 22:02:16,特朗普：将以某种身份回归,【特朗普：将以某种身份回归】财联社1月20日讯，特朗普在总统告别仪式上对支持者们表示，将“永远为你们而战”，并保证会以某种身份回归。 (BBC),【特朗普：将以某种身份回归】财联社1月20日讯，特朗普在总统告别仪式上对支持者们表示，将“永远为你们而战”，并保证会以某种身份回归。 (BBC)
91,2021-01-20 21:59:13,新华每日电讯：事关亿万群众 春节返乡须尽快出细则,【新华每日电讯：事关亿万群众 春节返乡须尽快出细则】财联社1月20日讯，虽然很多地方都在倡导“就地过年”，但交通运输部预计今年春运仍将有17亿人次流动。“春节返乡须持7日内核酸阴性证明”的防疫新规，将直接影响亿万群众的出行。但目前官方发布的信息量有限，还有诸多疑问待解，需要尽快制定实施细则。期待有关部门尽快制定实施细则，给民众吃下定心丸，让各地防疫工作更有序，为“精准防疫、科学防疫”创造条件。,【新华每日电讯：事关亿万群众 春节返乡须尽快出细则】财联社1月20日讯，虽然很多地方都在倡导“就地过年”，但交通运输部预计今年春运仍将有17亿人次流动。“春节返乡须持7日内核酸阴性证明”的防疫新规，将直接影响亿万群众的出行。但目前官方发布的信息量有限，还有诸多疑问待解，需要尽快制定实施细则。期待有关部门尽快制定实施细则，给民众吃下定心丸，让各地防疫工作更有序，为“精准防疫、科学防疫”创造条件。
92,2021-01-20 21:50:17,美股盘前要闻一览,"【美股盘前要闻一览】财联社1月20日讯，美东时间周三，投资者需重点关注的美股市场财经要闻如下： 
1、美股三大股指期货盘前走高，道指期货涨0.3%，标普500期货涨0.5%，纳指期货涨0.98%。
2、当地时间1月20日上午，特朗普离开白宫，前往停放“空军一号”总统专机的马里兰州安德鲁斯联合基地。
3、摩根士丹利四季报稳超市场预期，四季度营收136.4亿美元，利润33.9亿美元，同比大增51%，调整后每股收益1.92美元。
4、研究显示辉瑞/BioNTech疫苗对英国变种病毒有效。
5、半导体设备制造巨头阿斯麦（ASML）发布业绩，Q4净销售额为42.54亿欧元，市场预期为37.34亿欧元；净利润为13.50亿欧元，市场预期为10.15亿欧元。
6、百世集团回应“在战略评估中考虑出售企业”市场传闻不实，董事长兼CEO周韶宁没有出售公司股份的计划。
7、百度盘前一度涨超4%，消息称百度拟春节后在港上市，确定高盛和中信为其上市保荐团队。
8、奈飞盘前涨超14%，四季度营收增长24%超预期，订阅用户首破2亿人次。

美股时段值得关注的重要事件
1月20日
23:00 加拿大央行利率决议、美国1月NAHB房产市场指数
1月21日
00:30 美国第46任总统就职典礼
05:30 美国至1月15日当周API原油库存","【美股盘前要闻一览】财联社1月20日讯，美东时间周三，投资者需重点关注的美股市场财经要闻如下： 
1、美股三大股指期货盘前走高，道指期货涨0.3%，标普500期货涨0.5%，纳指期货涨0.98%。
2、当地时间1月20日上午，特朗普离开白宫，前往停放“空军一号”总统专机的马里兰州安德鲁斯联合基地。
3、摩根士丹利四季报稳超市场预期，四季度营收136.4亿美元，利润33.9亿美元，同比大增51%，调整后每股收益1.92美元。
4、研究显示辉瑞/BioNTech疫苗对英国变种病毒有效。
5、半导体设备制造巨头阿斯麦（ASML）发布业绩，Q4净销售额为42.54亿欧元，市场预期为37.34亿欧元；净利润为13.50亿欧元，市场预期为10.15亿欧元。
6、百世集团回应“在战略评估中考虑出售企业”市场传闻不实，董事长兼CEO周韶宁没有出售公司股份的计划。
7、百度盘前一度涨超4%，消息称百度拟春节后在港上市，确定高盛和中信为其上市保荐团队。
8、奈飞盘前涨超14%，四季度营收增长24%超预期，订阅用户首破2亿人次。

美股时段值得关注的重要事件
1月20日
23:00 加拿大央行利率决议、美国1月NAHB房产市场指数
1月21日
00:30 美国第46任总统就职典礼
05:30 美国至1月15日当周API原油库存"
93,2021-01-20 21:42:10,,财联社1月20日讯，特朗普表示其任内股市达到新高，经济中的一些领域将蒸蒸日上。,财联社1月20日讯，特朗普表示其任内股市达到新高，经济中的一些领域将蒸蒸日上。
94,2021-01-20 21:38:37,春节返乡需14天居家监测 铁路、航空需求大降,【春节返乡需14天居家监测 铁路、航空需求大降】财联社1月20日讯，春节返乡人员需持7日内核酸检测阴性证明，返乡后实行14天居家健康监测。交通部预计2021年全国春运客流比2019年下降超四成；部分春运加开列车停运；一航空票代人士称，今年春运行情不再，其公司订票量仅有2020年同期的五分之一。 (财新),【春节返乡需14天居家监测 铁路、航空需求大降】财联社1月20日讯，春节返乡人员需持7日内核酸检测阴性证明，返乡后实行14天居家健康监测。交通部预计2021年全国春运客流比2019年下降超四成；部分春运加开列车停运；一航空票代人士称，今年春运行情不再，其公司订票量仅有2020年同期的五分之一。 (财新)
95,2021-01-20 21:30:48,晶华新材：公司特种纸业务的业绩增长与限塑令推行无关,【晶华新材：公司特种纸业务的业绩增长与限塑令推行无关】财联社1月20日讯，晶华新材更正业绩预告，公司特种纸业务的业绩增长与限塑令推行无关。目前公司特种纸应用不在限塑令规定的限塑、禁塑范围。,【晶华新材：公司特种纸业务的业绩增长与限塑令推行无关】财联社1月20日讯，晶华新材更正业绩预告，公司特种纸业务的业绩增长与限塑令推行无关。目前公司特种纸应用不在限塑令规定的限塑、禁塑范围。
96,2021-01-20 21:24:44,彭斯18日已经和特朗普道别 不会参加告别仪式,【彭斯18日已经和特朗普道别 不会参加告别仪式】财联社1月20日讯，据美国有线电视新闻网消息，一名消息人士透露，美国副总统彭斯表示，他当地时间18日已经和总统特朗普道别，预计19日上午特朗普离开时他不会出现在白宫，也不会出席特朗普在安德鲁斯空军基地的告别仪式。,【彭斯18日已经和特朗普道别 不会参加告别仪式】财联社1月20日讯，据美国有线电视新闻网消息，一名消息人士透露，美国副总统彭斯表示，他当地时间18日已经和总统特朗普道别，预计19日上午特朗普离开时他不会出现在白宫，也不会出席特朗普在安德鲁斯空军基地的告别仪式。
97,2021-01-20 21:15:36,特朗普离开美国白宫 其总统任期即将结束,【特朗普离开美国白宫 其总统任期即将结束】财联社1月20日讯，据美国有线电视新闻网消息，现任美国总统特朗普和第一夫人梅拉尼娅刚刚乘坐直升机离开白宫，前往安德鲁斯空军基地，他将在那里举行一个简短的告别仪式。据报道，他随后将前往佛罗里达州。,【特朗普离开美国白宫 其总统任期即将结束】财联社1月20日讯，据美国有线电视新闻网消息，现任美国总统特朗普和第一夫人梅拉尼娅刚刚乘坐直升机离开白宫，前往安德鲁斯空军基地，他将在那里举行一个简短的告别仪式。据报道，他随后将前往佛罗里达州。
98,2021-01-20 21:12:05,【风口研报】切入“一仓难求”的海南免税物流市场，这家公司长期成长天花板被打开，分析师给予85%空间,①切入“一仓难求”的海南免税物流市场，这家公司长期成长天花板被打开，分析师给予85%空间；②分析师盯上一家布局试剂、疫苗双赛道高成长标的，2020年业绩增长2倍基础上今年有望再增近1倍。,①切入“一仓难求”的海南免税物流市场，这家公司长期成长天花板被打开，分析师给予85%空间；②分析师盯上一家布局试剂、疫苗双赛道高成长标的，2020年业绩增长2倍基础上今年有望再增近1倍。
99,2021-01-20 21:11:50,深圳：家庭买商品房只能登记在有购房资格的成员名下,【深圳：家庭买商品房只能登记在有购房资格的成员名下】财联社1月20日讯，今日，一份深圳市住房和建设局关于明确《关于进一步促进我市房地产市场平稳健康发展的通知》若干问题的函在网上流传。报道称，深圳市住房和建设局表示该内容真实。回复函明确，经市人才资源部门认定的高层次人才，在享受人才优惠政策有效期内，可凭高层次人才认定证书在深圳市购买首套商品住房，无需提供在深圳市缴纳的社保或个税说明，高层次人才家庭购买第二套商品住房的，按深圳市现行限购政策执行。居民家庭购买的商品房，只能登记在具有购房资格的家庭成员名下。 (南方plus),【深圳：家庭买商品房只能登记在有购房资格的成员名下】财联社1月20日讯，今日，一份深圳市住房和建设局关于明确《关于进一步促进我市房地产市场平稳健康发展的通知》若干问题的函在网上流传。报道称，深圳市住房和建设局表示该内容真实。回复函明确，经市人才资源部门认定的高层次人才，在享受人才优惠政策有效期内，可凭高层次人才认定证书在深圳市购买首套商品住房，无需提供在深圳市缴纳的社保或个税说明，高层次人才家庭购买第二套商品住房的，按深圳市现行限购政策执行。居民家庭购买的商品房，只能登记在具有购房资格的家庭成员名下。 (南方plus)
100,2021-01-20 21:05:39,华东重机收关注函：要求说明公司是否已及时进行减值测试,【华东重机收关注函：要求说明公司是否已及时进行减值测试】财联社1月20日讯，华东重机收到深交所关注函，要求说明商誉减值迹象出现的具体时点以及判断依据，公司是否已及时进行减值测试；商誉减值测试方法、参数选取及依据存在的差异和合理性，以前年度商誉减值计提是否充分。,【华东重机收关注函：要求说明公司是否已及时进行减值测试】财联社1月20日讯，华东重机收到深交所关注函，要求说明商誉减值迹象出现的具体时点以及判断依据，公司是否已及时进行减值测试；商誉减值测试方法、参数选取及依据存在的差异和合理性，以前年度商誉减值计提是否充分。
101,2021-01-20 21:03:09,【公告全知道】锂电新秀狂砸超200亿投建产业基地扩产，公司产品直供特斯拉，机构给出增持评级，王牌产品2019年出货量占全球13.8%。,锂电新秀狂砸超200亿投建产业基地扩产，公司产品直供特斯拉，机构给出增持评级，王牌产品2019年出货量占全球13.8%。,锂电新秀狂砸超200亿投建产业基地扩产，公司产品直供特斯拉，机构给出增持评级，王牌产品2019年出货量占全球13.8%。
102,2021-01-20 21:00:15,,财联社1月20日讯，国内期货夜盘开盘，纯碱、焦炭涨超1%，菜粕、豆二、郑醇跌超1%。,财联社1月20日讯，国内期货夜盘开盘，纯碱、焦炭涨超1%，菜粕、豆二、郑醇跌超1%。
103,2021-01-20 20:51:44,【财联社早知道】光伏新增装机量超市场预期，创3年新高，今年有望完成80GW高目标，这些公司或将全年订单不断,"①光伏新增装机量超市场预期，创3年新高，今年有望完成80GW高目标，这些公司或将全年订单不断；
②春节疫情防控措施正式出台，核酸检测成为重中之重，哪些公司已成功研发检测产品？","①光伏新增装机量超市场预期，创3年新高，今年有望完成80GW高目标，这些公司或将全年订单不断；
②春节疫情防控措施正式出台，核酸检测成为重中之重，哪些公司已成功研发检测产品？"
104,2021-01-20 20:48:52,兰州大学牵头成功研发全生物可降解超级电容器,【兰州大学牵头成功研发全生物可降解超级电容器】财联社1月20日讯，兰州大学物理科学与技术学院联合美国休斯顿大学、兰州大学基础医学院成功研发了一种轻薄、柔性的全生物可降解超级电容器。该器件可在生物体内完全降解被吸收，经自然新陈代谢排出体外，无须二次手术移除。,【兰州大学牵头成功研发全生物可降解超级电容器】财联社1月20日讯，兰州大学物理科学与技术学院联合美国休斯顿大学、兰州大学基础医学院成功研发了一种轻薄、柔性的全生物可降解超级电容器。该器件可在生物体内完全降解被吸收，经自然新陈代谢排出体外，无须二次手术移除。
105,2021-01-20 20:46:34,泰坦股份：中签号出炉 共有97200个,【泰坦股份：中签号出炉 共有97200个】财联社1月20日讯，泰坦股份公告，中签号码共有97200个，每个中签号码只能认购500股泰坦股份A股股票。,【泰坦股份：中签号出炉 共有97200个】财联社1月20日讯，泰坦股份公告，中签号码共有97200个，每个中签号码只能认购500股泰坦股份A股股票。
106,2021-01-20 20:44:37,美好置业：控股股东目前正在筹划与公司产业链相关的重大交易事项,【美好置业：控股股东目前正在筹划与公司产业链相关的重大交易事项】财联社1月20日讯，美好置业公告，公司于2021年1月20日接到公司控股股东美好未来企业管理集团有限公司通知，公司控股股东目前正在筹划与公司产业链相关（涉及物业服务行业或建筑行业）的重大交易事项。鉴于目前尚处于筹划阶段，相关交易方式、交易标的及交易金额仍需进一步论证和沟通协商，公司及相关信息披露义务人将根据事项的进展情况，及时履行信息披露义务。相关事项能否实施尚存在重大不确定性，敬请广大投资者理性投资，注意风险。,【美好置业：控股股东目前正在筹划与公司产业链相关的重大交易事项】财联社1月20日讯，美好置业公告，公司于2021年1月20日接到公司控股股东美好未来企业管理集团有限公司通知，公司控股股东目前正在筹划与公司产业链相关（涉及物业服务行业或建筑行业）的重大交易事项。鉴于目前尚处于筹划阶段，相关交易方式、交易标的及交易金额仍需进一步论证和沟通协商，公司及相关信息披露义务人将根据事项的进展情况，及时履行信息披露义务。相关事项能否实施尚存在重大不确定性，敬请广大投资者理性投资，注意风险。
107,2021-01-20 20:41:50,创业板上市委：雷尔伟、荣信教育首发过会速达股份遭否,【创业板上市委：雷尔伟、荣信教育首发过会速达股份遭否】财联社1月20日讯，深交所消息，创业板上市委审议通过南京雷尔伟新技术股份有限公司、荣信教育文化产业发展股份有限公司首发申请，郑州速达工业机械服务股份有限公司首发申请遭否。创业板上市委要求速达股份进一步说明：郑煤机对发行人存在重大影响而不构成实际控制的理由；对郑煤机的依赖是否对公司的持续经营能力构成重大不利影响。,【创业板上市委：雷尔伟、荣信教育首发过会速达股份遭否】财联社1月20日讯，深交所消息，创业板上市委审议通过南京雷尔伟新技术股份有限公司、荣信教育文化产业发展股份有限公司首发申请，郑州速达工业机械服务股份有限公司首发申请遭否。创业板上市委要求速达股份进一步说明：郑煤机对发行人存在重大影响而不构成实际控制的理由；对郑煤机的依赖是否对公司的持续经营能力构成重大不利影响。
108,2021-01-20 20:34:40,指南针：拟推2021年限制性股票与股票期权激励计划,【指南针：拟推2021年限制性股票与股票期权激励计划】财联社1月20日讯，指南针发布2021年限制性股票与股票期权激励计划(草案)，拟授予激励对象的股票权益合计不超过408.88万股，占公告日公司股本总额的1.01%。公司拟向激励对象授予的限制性股票数量为256.2万股，约占公告日公司股本总额的0.63%；公司拟向激励对象授予152.68万份股票期权，占公告日公司股本总额的0.38%。该激励计划授予的限制性股票的授予价格为31.90元/股，授予的股票期权的行权价格为35.44元/份。该激励计划授予的激励对象总人数为384人。,【指南针：拟推2021年限制性股票与股票期权激励计划】财联社1月20日讯，指南针发布2021年限制性股票与股票期权激励计划(草案)，拟授予激励对象的股票权益合计不超过408.88万股，占公告日公司股本总额的1.01%。公司拟向激励对象授予的限制性股票数量为256.2万股，约占公告日公司股本总额的0.63%；公司拟向激励对象授予152.68万份股票期权，占公告日公司股本总额的0.38%。该激励计划授予的限制性股票的授予价格为31.90元/股，授予的股票期权的行权价格为35.44元/份。该激励计划授予的激励对象总人数为384人。
109,2021-01-20 20:33:02,德方纳米：子公司曲靖麟铁一个室外尾气吸收塔发生爆炸 事故不会对公司的生产经营造成重大不利影响,【德方纳米：子公司曲靖麟铁一个室外尾气吸收塔发生爆炸 事故不会对公司的生产经营造成重大不利影响】财联社1月20日讯，德方纳米公告，2021年1月20日上午10时左右，公司控股子公司曲靖市麟铁科技有限公司一个室外尾气吸收塔发生爆炸，目前救援已经结束。事故造成12人受伤，伤者均已送到医院救治。经初步分析，本次事故的主要原因为最近气温过低，设备故障导致尾气塔压力过高，阀门失效所致。事故发生后，公司立即启动应急预案，公司领导立即赶赴现场组织处置，做好员工救治、慰问、事故原因调查等善后工作，目前各项处置工作正有序进行。曲靖麟铁是公司的控股子公司，主营产品为磷酸铁锂，目前正处于试生产阶段；公司及其他子公司的生产经营正常。本次事故不会对公司的生产经营造成重大不利影响。,【德方纳米：子公司曲靖麟铁一个室外尾气吸收塔发生爆炸 事故不会对公司的生产经营造成重大不利影响】财联社1月20日讯，德方纳米公告，2021年1月20日上午10时左右，公司控股子公司曲靖市麟铁科技有限公司一个室外尾气吸收塔发生爆炸，目前救援已经结束。事故造成12人受伤，伤者均已送到医院救治。经初步分析，本次事故的主要原因为最近气温过低，设备故障导致尾气塔压力过高，阀门失效所致。事故发生后，公司立即启动应急预案，公司领导立即赶赴现场组织处置，做好员工救治、慰问、事故原因调查等善后工作，目前各项处置工作正有序进行。曲靖麟铁是公司的控股子公司，主营产品为磷酸铁锂，目前正处于试生产阶段；公司及其他子公司的生产经营正常。本次事故不会对公司的生产经营造成重大不利影响。
110,2021-01-20 20:31:18,摩根士丹利第四季度净营收136.4亿美元 同比增长26%,【摩根士丹利第四季度净营收136.4亿美元 同比增长26%】财联社1月20日讯，摩根士丹利第四季度净营收136.4亿美元，同比增长26%，分析师预估115.4亿美元。第四季度调整后每股收益1.92美元，上年同期1.20美元。,【摩根士丹利第四季度净营收136.4亿美元 同比增长26%】财联社1月20日讯，摩根士丹利第四季度净营收136.4亿美元，同比增长26%，分析师预估115.4亿美元。第四季度调整后每股收益1.92美元，上年同期1.20美元。
111,2021-01-20 20:28:03,必和必拓大幅减记澳大利亚动力煤资产价值,【必和必拓大幅减记澳大利亚动力煤资产价值】财联社1月20日讯，必和必拓（BHP）将大幅削减其澳大利亚动力煤资产的价值，减记金额最高将达到12.5亿美元。目前该公司正寻求处置该业务，把重心放在其他大宗商品上。这家全球最大的矿商去年8月宣布，计划出售或剥离新南威尔士能源煤炭部门，以及哥伦比亚一座煤矿的股份、一家生产另一种用于炼钢的煤炭的合资企业的股份。,【必和必拓大幅减记澳大利亚动力煤资产价值】财联社1月20日讯，必和必拓（BHP）将大幅削减其澳大利亚动力煤资产的价值，减记金额最高将达到12.5亿美元。目前该公司正寻求处置该业务，把重心放在其他大宗商品上。这家全球最大的矿商去年8月宣布，计划出售或剥离新南威尔士能源煤炭部门，以及哥伦比亚一座煤矿的股份、一家生产另一种用于炼钢的煤炭的合资企业的股份。
112,2021-01-20 20:24:30,1月20日周三《新闻联播》要闻16条,"【1月20日周三《新闻联播》要闻16条】财联社1月20日讯，今天《新闻联播》主要内容有：
1、习近平在北京河北考察并主持召开北京2022年冬奥会和冬残奥会筹办工作汇报会时强调，坚定信心奋发有为精益求精战胜困难，全力做好北京冬奥会冬残奥会筹办工作。
2、李克强主持召开国务院全体会议，讨论《政府工作报告（征求意见稿）》和《“十四五”规划和二〇三五年远景目标纲要（草案）（征求意见稿）》。
3、十三届全国人大常委会第二十五次会议在京举行。
4、十三届全国人大常委会第二十五次会议分组审议动物防疫法修订草案、行政处罚法修订草案等。
5、2020年全国实际使用外资规模创历史新高。
6、国务院联防联控机制印发《通知》，进一步做好当前新冠肺炎疫情防控工作。
7、国务院联防联控机制发布会介绍当前疫情以及春节前后疫情防控有关情况。
8、国家卫健委：昨日新增确诊病例103例，其中本土病例88例。
9、我国成功发射天通一号03星。
10、“十三五”全国累计办理出口退税70736亿元。
11、自然资源部督办和通报13起土地违法违规案件。
12、北京国际科技创新中心加快建设。
13、全球累计新冠确诊病例超9412万例。
14、美首都华盛顿进一步提升警戒级别。
15、欧盟通过战略文件强化欧元地位。
16、俄批评美对“北溪-2”的制裁野蛮非法。","【1月20日周三《新闻联播》要闻16条】财联社1月20日讯，今天《新闻联播》主要内容有：
1、习近平在北京河北考察并主持召开北京2022年冬奥会和冬残奥会筹办工作汇报会时强调，坚定信心奋发有为精益求精战胜困难，全力做好北京冬奥会冬残奥会筹办工作。
2、李克强主持召开国务院全体会议，讨论《政府工作报告（征求意见稿）》和《“十四五”规划和二〇三五年远景目标纲要（草案）（征求意见稿）》。
3、十三届全国人大常委会第二十五次会议在京举行。
4、十三届全国人大常委会第二十五次会议分组审议动物防疫法修订草案、行政处罚法修订草案等。
5、2020年全国实际使用外资规模创历史新高。
6、国务院联防联控机制印发《通知》，进一步做好当前新冠肺炎疫情防控工作。
7、国务院联防联控机制发布会介绍当前疫情以及春节前后疫情防控有关情况。
8、国家卫健委：昨日新增确诊病例103例，其中本土病例88例。
9、我国成功发射天通一号03星。
10、“十三五”全国累计办理出口退税70736亿元。
11、自然资源部督办和通报13起土地违法违规案件。
12、北京国际科技创新中心加快建设。
13、全球累计新冠确诊病例超9412万例。
14、美首都华盛顿进一步提升警戒级别。
15、欧盟通过战略文件强化欧元地位。
16、俄批评美对“北溪-2”的制裁野蛮非法。"
113,2021-01-20 20:23:26,昆仑万维业绩预告：2020年度净利润同比增长255%-294%,【昆仑万维业绩预告：2020年度净利润同比增长255%-294%】财联社1月20日讯，昆仑万维公告，预计2020年净利润为46亿-51亿元，同比增长255.18%-293.79%。报告期内，公司在2020年完成了出售GrindrInc.的股权转让，获得29.48亿元投资收益，使得本年净利润有大幅增加。,【昆仑万维业绩预告：2020年度净利润同比增长255%-294%】财联社1月20日讯，昆仑万维公告，预计2020年净利润为46亿-51亿元，同比增长255.18%-293.79%。报告期内，公司在2020年完成了出售GrindrInc.的股权转让，获得29.48亿元投资收益，使得本年净利润有大幅增加。
114,2021-01-20 20:21:33,交通运输部：春运期间严密防范疫情通过交通运输传播,【交通运输部：春运期间严密防范疫情通过交通运输传播】财联社1月20日讯，交通运输部印发关于2021年春运期间客运场站和交通运输工具新冠肺炎疫情分区分级防控指南的通知。通知提出，春运期间，地方各级交通运输主管部门要建立健全明查暗访与自检自查相结合的检查整改机制，督促客运经营者毫不放松落实客运场站和交通运输工具疫情防控措施。要坚持分区分级精准防控，当地出现疫情中、高风险地区的，要督促客运经营者立即执行相应风险等级的疫情防控要求，严密防范疫情通过交通运输传播。,【交通运输部：春运期间严密防范疫情通过交通运输传播】财联社1月20日讯，交通运输部印发关于2021年春运期间客运场站和交通运输工具新冠肺炎疫情分区分级防控指南的通知。通知提出，春运期间，地方各级交通运输主管部门要建立健全明查暗访与自检自查相结合的检查整改机制，督促客运经营者毫不放松落实客运场站和交通运输工具疫情防控措施。要坚持分区分级精准防控，当地出现疫情中、高风险地区的，要督促客运经营者立即执行相应风险等级的疫情防控要求，严密防范疫情通过交通运输传播。
115,2021-01-20 20:20:50,二连板爱迪尔：2020年度净利润预计亏损8.4亿元-9.5亿元 近期在积极引入战略投资者,【二连板爱迪尔：2020年度净利润预计亏损8.4亿元-9.5亿元 近期在积极引入战略投资者】财联社1月20日讯，爱迪尔公告，公司预计2020年度实现归属于上市公司股东的净利润为亏损8.4亿元-9.5亿元，上年同期为亏损3亿元。公司对多项资产计提了较大金额的减值。同时，公司股票交易异常波动公告称，近期在积极开展引入战略投资者莆田市国有资产投资有限公司的相关工作。但截至目前，本次引入战略投资者的交易定价、交易方案、持股比例等尚未明确，亦尚未取得莆田市政府的正式书面批复以及签署具有法律约束力的战略投资者引入协议等。,【二连板爱迪尔：2020年度净利润预计亏损8.4亿元-9.5亿元 近期在积极引入战略投资者】财联社1月20日讯，爱迪尔公告，公司预计2020年度实现归属于上市公司股东的净利润为亏损8.4亿元-9.5亿元，上年同期为亏损3亿元。公司对多项资产计提了较大金额的减值。同时，公司股票交易异常波动公告称，近期在积极开展引入战略投资者莆田市国有资产投资有限公司的相关工作。但截至目前，本次引入战略投资者的交易定价、交易方案、持股比例等尚未明确，亦尚未取得莆田市政府的正式书面批复以及签署具有法律约束力的战略投资者引入协议等。
116,2021-01-20 20:13:48,,财联社1月20日讯，德意志银行将特斯拉目标价从705美元上调至890美元。,财联社1月20日讯，德意志银行将特斯拉目标价从705美元上调至890美元。
117,2021-01-20 20:12:37,蓝盾股份：“与叙州区政府签20亿-30亿元投资协议”消息不准确,【蓝盾股份：“与叙州区政府签20亿-30亿元投资协议”消息不准确】财联社1月20日讯，蓝盾股份公告，媒体报道“公司与宜宾市叙州区签署了与当前主营业务相关的六份投资协议，共涉及签约金额20亿-30亿元”，经核实，上述报道不准确。公司1月18日召开新产品发布会，期间与叙州区政府就产业投资事项进行了洽谈，但暂无新签署媒体所称20亿-30亿元投资协议。另外，公司正在核实统计公司在量子通信领域的相关产品信息。,【蓝盾股份：“与叙州区政府签20亿-30亿元投资协议”消息不准确】财联社1月20日讯，蓝盾股份公告，媒体报道“公司与宜宾市叙州区签署了与当前主营业务相关的六份投资协议，共涉及签约金额20亿-30亿元”，经核实，上述报道不准确。公司1月18日召开新产品发布会，期间与叙州区政府就产业投资事项进行了洽谈，但暂无新签署媒体所称20亿-30亿元投资协议。另外，公司正在核实统计公司在量子通信领域的相关产品信息。
118,2021-01-20 20:08:43,国务院联防联控机制印发《通知》  要求进一步做好当前新冠肺炎疫情防控工作,【国务院联防联控机制印发《通知》  要求进一步做好当前新冠肺炎疫情防控工作】财联社1月20日讯，国务院联防联控机制日前印发《关于进一步做好当前新冠肺炎疫情防控工作的通知》，各地要对核酸检测能力再摸底、再提升，制定核酸检测组织工作预案，加强质量控制，对高风险人群定期开展检测。国家卫生健康委统筹调配机动检测队伍，支持能力薄弱地区；强化农村地区网格化管理，加强疫情监测，落实“村报告、乡采样、县检测”规定和相应的处置流程，严格落实首诊报告制度。,【国务院联防联控机制印发《通知》  要求进一步做好当前新冠肺炎疫情防控工作】财联社1月20日讯，国务院联防联控机制日前印发《关于进一步做好当前新冠肺炎疫情防控工作的通知》，各地要对核酸检测能力再摸底、再提升，制定核酸检测组织工作预案，加强质量控制，对高风险人群定期开展检测。国家卫生健康委统筹调配机动检测队伍，支持能力薄弱地区；强化农村地区网格化管理，加强疫情监测，落实“村报告、乡采样、县检测”规定和相应的处置流程，严格落实首诊报告制度。
119,2021-01-20 20:02:11,【机构调研】机构连续调研这家钽电容龙头，民品国产替代需求增大全年业绩接近翻倍,"①机构连续调研这家钽电容龙头，公司三个季度客户需求旺盛订单饱满，民品国产替代需求增大全年业绩接近翻倍；
②机构抱团调研这家注塑机巨头，公司第四季度创单季营业收入新高。","①机构连续调研这家钽电容龙头，公司三个季度客户需求旺盛订单饱满，民品国产替代需求增大全年业绩接近翻倍；
②机构抱团调研这家注塑机巨头，公司第四季度创单季营业收入新高。"
120,2021-01-20 19:57:44,海尔生物：拟出售参股公司股权 预计增加收益约3.49亿元,【海尔生物：拟出售参股公司股权 预计增加收益约3.49亿元】《科创板日报》20日讯，海尔生物公告，公司近日收到美国参股子公司Mesa的通知，Thermo Fisher拟收购Mesa全部股权，且已签署了适用美国特拉华州法律的并购协议。基于上述安排，公司拟向Thermo Fisher出售所持Mesa全部17.11%的股权。此次交易预计将增加公司2021年度税前投资收益约3.49亿元。,【海尔生物：拟出售参股公司股权 预计增加收益约3.49亿元】《科创板日报》20日讯，海尔生物公告，公司近日收到美国参股子公司Mesa的通知，Thermo Fisher拟收购Mesa全部股权，且已签署了适用美国特拉华州法律的并购协议。基于上述安排，公司拟向Thermo Fisher出售所持Mesa全部17.11%的股权。此次交易预计将增加公司2021年度税前投资收益约3.49亿元。
121,2021-01-20 19:57:24,南昌电信、西安移动等10家企业被纳入电信经营不良名单,【南昌电信、西安移动等10家企业被纳入电信经营不良名单】财联社1月20日讯，2020年四季度10家企业被纳入电信业务经营不良名单，涉及中国电信股份有限公司南昌分公司、中国移动通信集团陕西有限公司西安分公司、深圳市创梦天地科技有限公司等。,【南昌电信、西安移动等10家企业被纳入电信经营不良名单】财联社1月20日讯，2020年四季度10家企业被纳入电信业务经营不良名单，涉及中国电信股份有限公司南昌分公司、中国移动通信集团陕西有限公司西安分公司、深圳市创梦天地科技有限公司等。
122,2021-01-20 19:53:50,,财联社1月20日讯，黑龙江哈尔滨新增1例新冠肺炎确诊病例、新增21例无症状感染者。,财联社1月20日讯，黑龙江哈尔滨新增1例新冠肺炎确诊病例、新增21例无症状感染者。
123,2021-01-20 19:52:43,安必平：拟推200万股限制性股票激励计划,【安必平：拟推200万股限制性股票激励计划】《科创板日报》20日讯，安必平披露2021年限制性股票激励计划(草案)，该激励计划拟向激励对象授予200万股限制性股票，约占公司股本总额的2.14%。其中首次授予170.3万股，约占公司股本总额的1.82%，首次授予部分占此次授予权益总额的85.15%。该计划首次授予的限制性股票授予价格为每股31元。该计划首次授予的激励对象共计129人。,【安必平：拟推200万股限制性股票激励计划】《科创板日报》20日讯，安必平披露2021年限制性股票激励计划(草案)，该激励计划拟向激励对象授予200万股限制性股票，约占公司股本总额的2.14%。其中首次授予170.3万股，约占公司股本总额的1.82%，首次授予部分占此次授予权益总额的85.15%。该计划首次授予的限制性股票授予价格为每股31元。该计划首次授予的激励对象共计129人。
124,2021-01-20 19:51:58,华神科技：拟定增募资不超过3亿元,【华神科技：拟定增募资不超过3亿元】财联社1月20日讯，华神科技公告，拟定增募资不超过3亿元，扣除发行费用后将全部用于补充流动资金，本次非公开发行的发行对象为成都远泓生物科技有限公司。,【华神科技：拟定增募资不超过3亿元】财联社1月20日讯，华神科技公告，拟定增募资不超过3亿元，扣除发行费用后将全部用于补充流动资金，本次非公开发行的发行对象为成都远泓生物科技有限公司。
125,2021-01-20 19:49:40,埃及与卡塔尔同意恢复外交关系,【埃及与卡塔尔同意恢复外交关系】财联社1月20日讯，埃及外交部20日发表声明说，埃及与卡塔尔当天同意恢复外交关系。,【埃及与卡塔尔同意恢复外交关系】财联社1月20日讯，埃及外交部20日发表声明说，埃及与卡塔尔当天同意恢复外交关系。
126,2021-01-20 19:47:56,永福股份：拟推836万股限制性股票激励计划,【永福股份：拟推836万股限制性股票激励计划】财联社1月20日讯，永福股份披露第一期限制性股票激励计划(草案)，该激励计划拟向激励对象授予的限制性股票总量为836.00万股，占该激励计划草案公告时公司股本总额1.82亿股的4.59%。,【永福股份：拟推836万股限制性股票激励计划】财联社1月20日讯，永福股份披露第一期限制性股票激励计划(草案)，该激励计划拟向激励对象授予的限制性股票总量为836.00万股，占该激励计划草案公告时公司股本总额1.82亿股的4.59%。
127,2021-01-20 19:40:36,多家百亿级私募正抓紧发行新产品 淡水泉一口气备案21只产品,【多家百亿级私募正抓紧发行新产品 淡水泉一口气备案21只产品】财联社1月20日讯，多家百亿级私募透露，近期正紧锣密鼓抓紧发行新产品，以抓住春节前这个较好的时间窗口。中基协数据显示，截至1月20日，淡水泉今年以来已经备案了21只产品，宁泉资产更是发出了100亿规模的爆款产品，石锋资产的产品也遭到抢购。多位业内人士直言，百亿级私募内部竞争非常激烈，如果现在不跟上发行节奏，很有可能掉队，所以春节前是大家发行较为集中的时间。 (上证报),【多家百亿级私募正抓紧发行新产品 淡水泉一口气备案21只产品】财联社1月20日讯，多家百亿级私募透露，近期正紧锣密鼓抓紧发行新产品，以抓住春节前这个较好的时间窗口。中基协数据显示，截至1月20日，淡水泉今年以来已经备案了21只产品，宁泉资产更是发出了100亿规模的爆款产品，石锋资产的产品也遭到抢购。多位业内人士直言，百亿级私募内部竞争非常激烈，如果现在不跟上发行节奏，很有可能掉队，所以春节前是大家发行较为集中的时间。 (上证报)
128,2021-01-20 19:38:08,东宏股份：拟推2021年限制性股票激励计划,【东宏股份：拟推2021年限制性股票激励计划】财联社1月20日讯，东宏股份披露2021年限制性股票激励计划(草案)，本激励计划拟授予的限制性股票数量185万股，约占公司股本总额的0.72%。本激励计划授予涉及的激励对象共计29人。限制性股票的授予价格为每股6.33元。,【东宏股份：拟推2021年限制性股票激励计划】财联社1月20日讯，东宏股份披露2021年限制性股票激励计划(草案)，本激励计划拟授予的限制性股票数量185万股，约占公司股本总额的0.72%。本激励计划授予涉及的激励对象共计29人。限制性股票的授予价格为每股6.33元。
129,2021-01-20 19:35:43,中煤协：煤炭供需“最紧张的时候可能快要过去了”,【中煤协：煤炭供需“最紧张的时候可能快要过去了”】财联社1月20日讯，去年四季度以来，全国煤炭市场走势超出业内预期。目前来看，煤炭供需“最紧张的时候可能快要过去了”。1月20日“2021年1月份煤炭市场运行发布会”上，中国煤炭工业协会新闻发言人张宏作出上述判断。中国煤炭工业协会预计一季度在经济持续恢复、气温逐步回升、春节假日因素等多种因素共同影响下，煤炭需求有望先增后降，煤炭供应将总体稳定，煤炭价格将高位回调。后期随着气温的逐渐回升，煤炭市场供需偏紧局面将逐步缓解。 (经济观察网),【中煤协：煤炭供需“最紧张的时候可能快要过去了”】财联社1月20日讯，去年四季度以来，全国煤炭市场走势超出业内预期。目前来看，煤炭供需“最紧张的时候可能快要过去了”。1月20日“2021年1月份煤炭市场运行发布会”上，中国煤炭工业协会新闻发言人张宏作出上述判断。中国煤炭工业协会预计一季度在经济持续恢复、气温逐步回升、春节假日因素等多种因素共同影响下，煤炭需求有望先增后降，煤炭供应将总体稳定，煤炭价格将高位回调。后期随着气温的逐渐回升，煤炭市场供需偏紧局面将逐步缓解。 (经济观察网)
130,2021-01-20 19:32:51,新奥股份：拟向激励对象授予1834万股限制性股票,【新奥股份：拟向激励对象授予1834万股限制性股票】财联社1月20日讯，新奥股份发布2021年限制性股票激励计划(草案)，拟向激励对象授予1834.0068万股公司限制性股票，涉及的标的股票种类为人民币A股普通股，约占公告时公司股本总额的0.71%。其中首次授予1741万股，占公司股本总额的0.67%，占拟授予权益总额的94.93%。首次授予部分涉及的激励对象共计50人。首次及预留限制性股票的授予价格为每股7.03元。,【新奥股份：拟向激励对象授予1834万股限制性股票】财联社1月20日讯，新奥股份发布2021年限制性股票激励计划(草案)，拟向激励对象授予1834.0068万股公司限制性股票，涉及的标的股票种类为人民币A股普通股，约占公告时公司股本总额的0.71%。其中首次授予1741万股，占公司股本总额的0.67%，占拟授予权益总额的94.93%。首次授予部分涉及的激励对象共计50人。首次及预留限制性股票的授予价格为每股7.03元。
131,2021-01-20 19:29:59,弘信电子：拟向激励对象授予限制性股票1220万股,【弘信电子：拟向激励对象授予限制性股票1220万股】财联社1月20日讯，弘信电子发布2021年限制性股票激励计划(草案)，拟向激励对象授予的限制性股票总量为1220万股，占公告时公司股本总额的3.57%。,【弘信电子：拟向激励对象授予限制性股票1220万股】财联社1月20日讯，弘信电子发布2021年限制性股票激励计划(草案)，拟向激励对象授予的限制性股票总量为1220万股，占公告时公司股本总额的3.57%。
132,2021-01-20 19:27:43,,财联社1月20日讯，李克强主持召开国务院全体会议，讨论《政府工作报告（征求意见稿）》和《“十四五”规划和二〇三五年远景目标纲要（草案）（征求意见稿）》。,财联社1月20日讯，李克强主持召开国务院全体会议，讨论《政府工作报告（征求意见稿）》和《“十四五”规划和二〇三五年远景目标纲要（草案）（征求意见稿）》。
133,2021-01-20 19:24:50,东南网架：终止回购股份 累计回购1.3亿元,【东南网架：终止回购股份 累计回购1.3亿元】财联社1月20日讯，东南网架公告，终止回购公司股份，此前公司拟回购2.5亿元-5亿元，目前已回购1.3亿元。,【东南网架：终止回购股份 累计回购1.3亿元】财联社1月20日讯，东南网架公告，终止回购公司股份，此前公司拟回购2.5亿元-5亿元，目前已回购1.3亿元。
134,2021-01-20 19:24:20,宁德时代回应合资工厂爆炸：未参与生产运营,【宁德时代回应合资工厂爆炸：未参与生产运营】财联社1月20日讯，曲靖市磷铁科技有限公司厂区一尾气回收塔发生爆炸，目前现场救援已结束。事故造成12人受伤。曲靖市麟铁科技为宁德时代新能源科技股份有限公司与深圳市德方纳米科技股份有限公司合资设立，双方分别持股40%和60%。宁德时代相关人士回应上述事件：我们仅是参股，未参与生产运营。,【宁德时代回应合资工厂爆炸：未参与生产运营】财联社1月20日讯，曲靖市磷铁科技有限公司厂区一尾气回收塔发生爆炸，目前现场救援已结束。事故造成12人受伤。曲靖市麟铁科技为宁德时代新能源科技股份有限公司与深圳市德方纳米科技股份有限公司合资设立，双方分别持股40%和60%。宁德时代相关人士回应上述事件：我们仅是参股，未参与生产运营。
135,2021-01-20 19:22:00,大富科技：拟以5000万元-1亿元回购股份,【大富科技：拟以5000万元-1亿元回购股份】财联社1月20日讯，大富科技公告，拟以5000万元-1亿元回购股份，用于实施股权激励或员工持股计划，回购价格不超过人民币15.50元/股。,【大富科技：拟以5000万元-1亿元回购股份】财联社1月20日讯，大富科技公告，拟以5000万元-1亿元回购股份，用于实施股权激励或员工持股计划，回购价格不超过人民币15.50元/股。
136,2021-01-20 19:21:39,科大智能：拟向安徽省投资集团转让两子公司80%股权,【科大智能：拟向安徽省投资集团转让两子公司80%股权】财联社1月20日讯，科大智能公告，公司全资子公司科大智能机器人技术有限公司拟将其持有的全资子公司上海泾申、上海泗卓各80%股权转让给安徽省投资集团全资子公司裕安投资。截止评估基准日，上海泾申和上海泗卓股东全部权益评估价值总计为人民币7.99亿元。,【科大智能：拟向安徽省投资集团转让两子公司80%股权】财联社1月20日讯，科大智能公告，公司全资子公司科大智能机器人技术有限公司拟将其持有的全资子公司上海泾申、上海泗卓各80%股权转让给安徽省投资集团全资子公司裕安投资。截止评估基准日，上海泾申和上海泗卓股东全部权益评估价值总计为人民币7.99亿元。
137,2021-01-20 19:21:19,华昌达：股东所持公司12.11%股份将被司法拍卖,【华昌达：股东所持公司12.11%股份将被司法拍卖】财联社1月20日讯，华昌达公告，石河子德梅柯投资合伙企业所持公司7234万股首发后限售股（占公司总股本的12.11%），将在阿里拍卖司法网络平台进行公开拍卖。据了解，上述拍卖系石河子德梅柯将股份质押给国联证券，因质押逾期还款所致。此次拍卖不会导致公司目前控股股东、实控人状态变更。,【华昌达：股东所持公司12.11%股份将被司法拍卖】财联社1月20日讯，华昌达公告，石河子德梅柯投资合伙企业所持公司7234万股首发后限售股（占公司总股本的12.11%），将在阿里拍卖司法网络平台进行公开拍卖。据了解，上述拍卖系石河子德梅柯将股份质押给国联证券，因质押逾期还款所致。此次拍卖不会导致公司目前控股股东、实控人状态变更。
138,2021-01-20 19:20:42,三连板ST宇顺：筹划发行股份并购前海首科 21日起停牌,【三连板ST宇顺：筹划发行股份并购前海首科 21日起停牌】财联社1月20日讯，三连板ST宇顺公告，公司正在筹划以发行股份及支付现金方式收购深圳前海首科科技控股有限公司100%股权，公司股票自2021年1月21日（周四）开市时起开始停牌。,【三连板ST宇顺：筹划发行股份并购前海首科 21日起停牌】财联社1月20日讯，三连板ST宇顺公告，公司正在筹划以发行股份及支付现金方式收购深圳前海首科科技控股有限公司100%股权，公司股票自2021年1月21日（周四）开市时起开始停牌。
139,2021-01-20 19:20:11,国元证券业绩预告：2020年度净利润同比增长45%-55%,【国元证券业绩预告：2020年度净利润同比增长45%-55%】财联社1月20日讯，国元证券公告，预计2020年净利润为13.26亿-14.17亿元，同比增长45%-55%。2020年度计提各项资产减值准备合计4.92亿元。,【国元证券业绩预告：2020年度净利润同比增长45%-55%】财联社1月20日讯，国元证券公告，预计2020年净利润为13.26亿-14.17亿元，同比增长45%-55%。2020年度计提各项资产减值准备合计4.92亿元。
140,2021-01-20 19:18:35,富淼科技：中签号码共有20774个,【富淼科技：中签号码共有20774个】《科创板日报》20日讯，富淼科技公告，中签号码共有20774个，每个中签号码只能认购500股。,【富淼科技：中签号码共有20774个】《科创板日报》20日讯，富淼科技公告，中签号码共有20774个，每个中签号码只能认购500股。
141,2021-01-20 19:18:22,华东医药：新药IMGN853临床试验申请获得受理,【华东医药：新药IMGN853临床试验申请获得受理】财联社1月20日讯，华东医药公告，公司全资子公司中美华东收到国家药品监督管理局（NMPA）核准签发的《药品注册申请受理通知书》，由中美华东和美国ImmunoGen申报的生物制品1类新药IMGN853临床试验申请获得受理。MIRV是一种抗体偶联药物（ADC），包含FRα（叶酸受体）结合抗体、可裂解的连接子和美登木素生物碱DM4，后者是一种强效的微管蛋白靶向剂。该产品是全球首个针对FRα阳性卵巢癌的ADC在研药物，用于治疗叶酸受体高表达的铂类耐药卵巢癌，属于全球首创产品。,【华东医药：新药IMGN853临床试验申请获得受理】财联社1月20日讯，华东医药公告，公司全资子公司中美华东收到国家药品监督管理局（NMPA）核准签发的《药品注册申请受理通知书》，由中美华东和美国ImmunoGen申报的生物制品1类新药IMGN853临床试验申请获得受理。MIRV是一种抗体偶联药物（ADC），包含FRα（叶酸受体）结合抗体、可裂解的连接子和美登木素生物碱DM4，后者是一种强效的微管蛋白靶向剂。该产品是全球首个针对FRα阳性卵巢癌的ADC在研药物，用于治疗叶酸受体高表达的铂类耐药卵巢癌，属于全球首创产品。
142,2021-01-20 19:16:27,【机构龙虎榜解读】锂电材料供货特斯拉、比亚迪等厂商，电子级氢氟酸成功打入韩国顶级半导体供应链，这家公司再次登上机构净买入榜,"①锂电材料供货特斯拉、比亚迪等厂商，电子级氢氟酸成功打入韩国顶级半导体供应链，这家公司再次登上机构净买入榜；
②单线产能国内最大绿色短纤年内投产，正与国内区域龙头医美服务机构洽谈收购，机构大额净买入这家公司。","①锂电材料供货特斯拉、比亚迪等厂商，电子级氢氟酸成功打入韩国顶级半导体供应链，这家公司再次登上机构净买入榜；
②单线产能国内最大绿色短纤年内投产，正与国内区域龙头医美服务机构洽谈收购，机构大额净买入这家公司。"
143,2021-01-20 19:12:37,习近平在北京河北考察并主持召开北京2022年冬奥会和冬残奥会筹办工作汇报会,【习近平在北京河北考察并主持召开北京2022年冬奥会和冬残奥会筹办工作汇报会】财联社1月20日讯，习近平在北京河北考察并主持召开北京2022年冬奥会和冬残奥会筹办工作汇报会时强调，坚定信心奋发有为精益求精战胜困难，全力做好北京冬奥会冬残奥会筹办工作。,【习近平在北京河北考察并主持召开北京2022年冬奥会和冬残奥会筹办工作汇报会】财联社1月20日讯，习近平在北京河北考察并主持召开北京2022年冬奥会和冬残奥会筹办工作汇报会时强调，坚定信心奋发有为精益求精战胜困难，全力做好北京冬奥会冬残奥会筹办工作。
144,2021-01-20 19:11:34,德国特斯拉Model 3标准续航版起售价下降3000欧元,【德国特斯拉Model 3标准续航版起售价下降3000欧元】财联社1月20日讯，根据特斯拉德国官网显示，Model 3标准续航版起售价格下调至39990欧元，特斯拉此前显示该基本车型价格为42900欧元，意味着在德国该款车型价格下调了3000欧元。,【德国特斯拉Model 3标准续航版起售价下降3000欧元】财联社1月20日讯，根据特斯拉德国官网显示，Model 3标准续航版起售价格下调至39990欧元，特斯拉此前显示该基本车型价格为42900欧元，意味着在德国该款车型价格下调了3000欧元。
145,2021-01-20 19:06:30,祥和实业：控股股东及其一致行动人拟合计减持不超6%公司股份,【祥和实业：控股股东及其一致行动人拟合计减持不超6%公司股份】财联社1月20日讯，祥和实业公告，公司控股股东汤友钱及其一致行动人计划以集中竞价、大宗交易方式，合计减持不超过1058.4万股，即不超公司总股本6%的股份。其中，通过集中竞价方式减持不超过公司总股本的2%，通过大宗交易减持不超过公司总股本的4%。,【祥和实业：控股股东及其一致行动人拟合计减持不超6%公司股份】财联社1月20日讯，祥和实业公告，公司控股股东汤友钱及其一致行动人计划以集中竞价、大宗交易方式，合计减持不超过1058.4万股，即不超公司总股本6%的股份。其中，通过集中竞价方式减持不超过公司总股本的2%，通过大宗交易减持不超过公司总股本的4%。
146,2021-01-20 19:05:45,乐心医疗业绩预告：2020年净利预增110%-140% 今年一季度净利预增150%-180%,【乐心医疗业绩预告：2020年净利预增110%-140% 今年一季度净利预增150%-180%】财联社1月20日讯，乐心医疗公告，2020年预盈6523.46万元-7455.39万元，同比增长110%-140%。报告期内，公司远程健康管理产品进一步发力；在智能手环、手表等项目上与新的战略大客户合作，大客户战略成效显著，销售收入大幅增长。此外，公司2021年一季度预盈1261.61万元-1413万元，同比增长150%-180%。,【乐心医疗业绩预告：2020年净利预增110%-140% 今年一季度净利预增150%-180%】财联社1月20日讯，乐心医疗公告，2020年预盈6523.46万元-7455.39万元，同比增长110%-140%。报告期内，公司远程健康管理产品进一步发力；在智能手环、手表等项目上与新的战略大客户合作，大客户战略成效显著，销售收入大幅增长。此外，公司2021年一季度预盈1261.61万元-1413万元，同比增长150%-180%。
147,2021-01-20 19:01:52,中岩大地：拟推151万股限制性股票激励计划,【中岩大地：拟推151万股限制性股票激励计划】财联社1月20日讯，中岩大地披露2021年限制性股票激励计划(草案)，该激励计划拟授予的限制性股票数量为151万股，约占公司股本总额的1.55%。其中首次授予126万股，约占公司股本总额的1.3%，约占该激励计划拟授予限制性股票总数的83.44%。首次授予的限制性股票的授予价格为14.88元/股。该激励计划首次授予的激励对象为63人。,【中岩大地：拟推151万股限制性股票激励计划】财联社1月20日讯，中岩大地披露2021年限制性股票激励计划(草案)，该激励计划拟授予的限制性股票数量为151万股，约占公司股本总额的1.55%。其中首次授予126万股，约占公司股本总额的1.3%，约占该激励计划拟授予限制性股票总数的83.44%。首次授予的限制性股票的授予价格为14.88元/股。该激励计划首次授予的激励对象为63人。
148,2021-01-20 18:56:41,中央明确：春节农村返乡要14天居家健康监测 农村返乡每7天做一次核酸检测,【中央明确：春节农村返乡要14天居家健康监测 农村返乡每7天做一次核酸检测】财联社1月20日讯，国务院应对新冠疫情联防联控机制综合组和中央农村工作领导小组办公室制定《冬春季农村地区新冠肺炎疫情防控工作方案》。方案指出，返乡人员需持7天内有效新冠病毒核酸检测阴性结果返乡，返乡后实行14天居家健康监测，期间不聚集、不流动，每7天开展一次核酸检测。各乡镇（街道）、行政村（居委会）落实责任制，对返乡人员实行网格化管理，做好登记造册、健康监测和异常状况处置等工作。,【中央明确：春节农村返乡要14天居家健康监测 农村返乡每7天做一次核酸检测】财联社1月20日讯，国务院应对新冠疫情联防联控机制综合组和中央农村工作领导小组办公室制定《冬春季农村地区新冠肺炎疫情防控工作方案》。方案指出，返乡人员需持7天内有效新冠病毒核酸检测阴性结果返乡，返乡后实行14天居家健康监测，期间不聚集、不流动，每7天开展一次核酸检测。各乡镇（街道）、行政村（居委会）落实责任制，对返乡人员实行网格化管理，做好登记造册、健康监测和异常状况处置等工作。
149,2021-01-20 18:55:44,中英美三国工程院签应对新冠联合声明 倡议国际合作而非竞争,【中英美三国工程院签应对新冠联合声明 倡议国际合作而非竞争】财联社1月20日讯，1月19日，中国工程院官网发布了《中国工程院、英国皇家工程院、美国工程院关于应对新冠肺炎疫情的联合声明》。声明倡议，应该让国际合作，而非竞争，成为应对疫情的设备研发、诊断、疫苗开发和生产、数据分析等领域取得进展的驱动力。,【中英美三国工程院签应对新冠联合声明 倡议国际合作而非竞争】财联社1月20日讯，1月19日，中国工程院官网发布了《中国工程院、英国皇家工程院、美国工程院关于应对新冠肺炎疫情的联合声明》。声明倡议，应该让国际合作，而非竞争，成为应对疫情的设备研发、诊断、疫苗开发和生产、数据分析等领域取得进展的驱动力。
150,2021-01-20 18:52:18,东方时尚：实施首次回购 回购量超公司股票前5日成交量之和的25%,【东方时尚：实施首次回购 回购量超公司股票前5日成交量之和的25%】财联社1月20日讯，东方时尚公告，公司通过集中竞价交易方式首次回购股份，回购数量1182.92万股，占总股本的1.94%。成交价区间为13.06元/股至15.08元/股，支付总额1.57亿元。此次回购股份数量超过前5个交易日公司股票成交量之和的25%，公司董事会就此疏漏致歉。东方时尚此前3个交易日连续跌停，今日午后打开跌停，收涨6%。东方时尚昨日披露回购报告书，宣布拟1.5亿至3亿元回购股份。,【东方时尚：实施首次回购 回购量超公司股票前5日成交量之和的25%】财联社1月20日讯，东方时尚公告，公司通过集中竞价交易方式首次回购股份，回购数量1182.92万股，占总股本的1.94%。成交价区间为13.06元/股至15.08元/股，支付总额1.57亿元。此次回购股份数量超过前5个交易日公司股票成交量之和的25%，公司董事会就此疏漏致歉。东方时尚此前3个交易日连续跌停，今日午后打开跌停，收涨6%。东方时尚昨日披露回购报告书，宣布拟1.5亿至3亿元回购股份。
151,2021-01-20 18:49:38,【风口研报】千亿资金持续涌入港股，手把手教你如何参与，从工具到标的，各种干货都齐了,①千亿资金持续涌入港股，手把手教你如何参与，从工具到标的，各种干货都齐了；②高端制造业扩产周期开启，这家国产替代龙头产品供不应求，分析师调研到30%新增产能年底有望到位。,①千亿资金持续涌入港股，手把手教你如何参与，从工具到标的，各种干货都齐了；②高端制造业扩产周期开启，这家国产替代龙头产品供不应求，分析师调研到30%新增产能年底有望到位。
152,2021-01-20 18:45:32,金隅集团业绩预告：2020年净利预降18%-27%,【金隅集团业绩预告：2020年净利预降18%-27%】财联社1月20日讯，金隅集团公告，预计2020年净利润为27亿元-30.3亿元之间，同比降18%-27%。报告期内，公司房地产结转项目中毛利率较低的保障型住房增加较多，导致房地产业务综合毛利率同比降幅较大，对净利润影响较大。报告期内，公司水泥和熟料综合销量同比增约11%；混凝土销量同比降低约8%；房地产结转面积同比增加约54%。,【金隅集团业绩预告：2020年净利预降18%-27%】财联社1月20日讯，金隅集团公告，预计2020年净利润为27亿元-30.3亿元之间，同比降18%-27%。报告期内，公司房地产结转项目中毛利率较低的保障型住房增加较多，导致房地产业务综合毛利率同比降幅较大，对净利润影响较大。报告期内，公司水泥和熟料综合销量同比增约11%；混凝土销量同比降低约8%；房地产结转面积同比增加约54%。
153,2021-01-20 18:45:10,上机数控：签订40.6亿元单晶硅片销售合同,【上机数控：签订40.6亿元单晶硅片销售合同】财联社1月20日讯，上机数控公告，公司下属全资子公司弘元新材与浙江正泰等签订“单晶硅片”的销售签订合同。2021年对方向公司子公司采购单晶硅片2.1亿片，预计2022年至2023年采购单晶硅片6.72亿片。预计2021年销售金额为7.48亿元（含税），不含税为6.62亿元。预计2022-2023年销售总金额为33.11亿元（含税），不含税为29.30亿元。,【上机数控：签订40.6亿元单晶硅片销售合同】财联社1月20日讯，上机数控公告，公司下属全资子公司弘元新材与浙江正泰等签订“单晶硅片”的销售签订合同。2021年对方向公司子公司采购单晶硅片2.1亿片，预计2022年至2023年采购单晶硅片6.72亿片。预计2021年销售金额为7.48亿元（含税），不含税为6.62亿元。预计2022-2023年销售总金额为33.11亿元（含税），不含税为29.30亿元。
154,2021-01-20 18:44:07,中钢协拟成立低碳工作推进委员会,【中钢协拟成立低碳工作推进委员会】财联社1月20日讯，中国钢铁工业协会消息，拟组织成立“中国钢铁工业协会低碳工作推进委员会”，集合各方优势力量，共同为钢铁行业碳减排目标的实现，为钢铁企业碳竞争环境下争取有利先机发挥应有的作用。委员会下设三个工作组和一个专家组，其中，低碳发展工作组负责钢铁行业低碳相关政策、问题调查和研究，提出政策建议和措施等。,【中钢协拟成立低碳工作推进委员会】财联社1月20日讯，中国钢铁工业协会消息，拟组织成立“中国钢铁工业协会低碳工作推进委员会”，集合各方优势力量，共同为钢铁行业碳减排目标的实现，为钢铁企业碳竞争环境下争取有利先机发挥应有的作用。委员会下设三个工作组和一个专家组，其中，低碳发展工作组负责钢铁行业低碳相关政策、问题调查和研究，提出政策建议和措施等。
155,2021-01-20 18:44:06,博瑞医药：拟向激励对象授予限制性股票200万股,【博瑞医药：拟向激励对象授予限制性股票200万股】《科创板日报》20日讯，博瑞医药发布2021年限制性股票激励计划(草案)，拟向激励对象授予的限制性股票数量为200万股，约占公司股本总额的0.49%。该激励计划授予激励对象限制性股票的授予价格为33元/股。涉及的激励对象共计84人，占公司截止2020年12月31日员工总数745人的11.28%。,【博瑞医药：拟向激励对象授予限制性股票200万股】《科创板日报》20日讯，博瑞医药发布2021年限制性股票激励计划(草案)，拟向激励对象授予的限制性股票数量为200万股，约占公司股本总额的0.49%。该激励计划授予激励对象限制性股票的授予价格为33元/股。涉及的激励对象共计84人，占公司截止2020年12月31日员工总数745人的11.28%。
156,2021-01-20 18:43:36,国际铜期货首张标准仓单生成,【国际铜期货首张标准仓单生成】财联社1月20日讯，由秘鲁南方铜业公司生产的100.446吨SPCC-ILO牌国际铜期货标准仓单1月20日在上海洋山保税港区世天威物流有限公司正式生成。,【国际铜期货首张标准仓单生成】财联社1月20日讯，由秘鲁南方铜业公司生产的100.446吨SPCC-ILO牌国际铜期货标准仓单1月20日在上海洋山保税港区世天威物流有限公司正式生成。
157,2021-01-20 18:41:53,云南曲靖一工厂发生爆炸致12人受伤,【云南曲靖一工厂发生爆炸致12人受伤】财联社1月20日讯，从云南省曲靖市政府新闻办了解到，1月20日10时许，曲靖市磷铁科技有限公司厂区内一尾气回收塔发生爆炸，事故造成12人受伤，伤者已送往医院进行救治。据通报，事故发生后，曲靖市政府及时成立现场工作组，目前事故救援工作已基本结束，现场处置正有序进行，事故原因正在进一步调查中。,【云南曲靖一工厂发生爆炸致12人受伤】财联社1月20日讯，从云南省曲靖市政府新闻办了解到，1月20日10时许，曲靖市磷铁科技有限公司厂区内一尾气回收塔发生爆炸，事故造成12人受伤，伤者已送往医院进行救治。据通报，事故发生后，曲靖市政府及时成立现场工作组，目前事故救援工作已基本结束，现场处置正有序进行，事故原因正在进一步调查中。
158,2021-01-20 18:41:35,四连板陕西黑猫业绩预告：2020年度净利润同比增加823%-933%,【四连板陕西黑猫业绩预告：2020年度净利润同比增加823%-933%】财联社1月20日讯，陕西黑猫公告，公司预计2020年度实现归属于上市公司股东的净利润为2.5亿元到2.8亿元，与上年同期相比，预计增加2.23亿元到2.53亿元，同比增加823%到933%。2020年，公司主产品焦炭的毛利率同比提高了约5个百分点，净利润增加。2020年公司投资收益同比大幅增加约9000万元。同时，公司发布股价波动风险提示，近期焦炭产品市场价格涨幅较大，未来焦炭产品市场价格能否维持高位存在不确定性。敬请投资者理性投资。,【四连板陕西黑猫业绩预告：2020年度净利润同比增加823%-933%】财联社1月20日讯，陕西黑猫公告，公司预计2020年度实现归属于上市公司股东的净利润为2.5亿元到2.8亿元，与上年同期相比，预计增加2.23亿元到2.53亿元，同比增加823%到933%。2020年，公司主产品焦炭的毛利率同比提高了约5个百分点，净利润增加。2020年公司投资收益同比大幅增加约9000万元。同时，公司发布股价波动风险提示，近期焦炭产品市场价格涨幅较大，未来焦炭产品市场价格能否维持高位存在不确定性。敬请投资者理性投资。
159,2021-01-20 18:36:46,芯片断供致工厂停产 全球产能支持尚待时日,【芯片断供致工厂停产 全球产能支持尚待时日】财联社1月20日讯，来自全球汽车行业的芯片短缺推动了车规级芯片产业链相关企业股价大涨。业内人士向记者表示，由于8英寸芯片生产线产能告急，用于汽车和电子产品中的芯片供应情况今年一季度预计仍然紧张，相关产业链企业订单已经排至年底。 (第一财经),【芯片断供致工厂停产 全球产能支持尚待时日】财联社1月20日讯，来自全球汽车行业的芯片短缺推动了车规级芯片产业链相关企业股价大涨。业内人士向记者表示，由于8英寸芯片生产线产能告急，用于汽车和电子产品中的芯片供应情况今年一季度预计仍然紧张，相关产业链企业订单已经排至年底。 (第一财经)
160,2021-01-20 18:36:08,中孚信息业绩预告：2020年净利预增80%-104%,【中孚信息业绩预告：2020年净利预增80%-104%】财联社1月20日讯，中孚信息公告，预计2020年净利润为2.25亿-2.55亿元，同比增长80.14%-104.16%。报告期内，公司坚持既定的战略规划，继续加大研发投入，不断拓展市场，在基于国产平台的安全保密产品和网络安全监管业务快速增长的带动下，公司实现营业收入约9.8亿元，同比增长约63%。,【中孚信息业绩预告：2020年净利预增80%-104%】财联社1月20日讯，中孚信息公告，预计2020年净利润为2.25亿-2.55亿元，同比增长80.14%-104.16%。报告期内，公司坚持既定的战略规划，继续加大研发投入，不断拓展市场，在基于国产平台的安全保密产品和网络安全监管业务快速增长的带动下，公司实现营业收入约9.8亿元，同比增长约63%。
161,2021-01-20 18:35:17,深南电A业绩预告：2020年净利预增约157%,【深南电A业绩预告：2020年净利预增约157%】财联社1月20日讯，深南电A公告，预计2020年净利润为6400万元，同比增长约157.02%。公司转让深南电（东莞）唯美电力有限公司70%股权取得投资收益3353万元。,【深南电A业绩预告：2020年净利预增约157%】财联社1月20日讯，深南电A公告，预计2020年净利润为6400万元，同比增长约157.02%。公司转让深南电（东莞）唯美电力有限公司70%股权取得投资收益3353万元。
162,2021-01-20 18:34:26,美盛文化：与北京寺库设立直播销售业务合资公司,【美盛文化：与北京寺库设立直播销售业务合资公司】财联社1月20日讯，美盛文化公告，公司控股子公司盛媒科技近日与北京寺库天下投资有限公司共同投资设立北京新库子科技有限公司，注册资本100万元。北京寺库的母公司为北京寺库商贸有限公司，其为国内知名奢侈品电商平台，在奢侈品供应链方面具备完整的生态。双方未来将协同发展公司旗下产品直播销售业务。,【美盛文化：与北京寺库设立直播销售业务合资公司】财联社1月20日讯，美盛文化公告，公司控股子公司盛媒科技近日与北京寺库天下投资有限公司共同投资设立北京新库子科技有限公司，注册资本100万元。北京寺库的母公司为北京寺库商贸有限公司，其为国内知名奢侈品电商平台，在奢侈品供应链方面具备完整的生态。双方未来将协同发展公司旗下产品直播销售业务。
163,2021-01-20 18:33:50,江阴银行业绩快报：2020年净利同比增长4.34%,【江阴银行业绩快报：2020年净利同比增长4.34%】财联社1月20日讯，江阴银行披露2020年度业绩快报，报告期内，该行实现营业收入33.23亿元，同比下降2.38%；营业利润10.95亿元，同比下降4.03%；净利润10.57亿元，同比增长4.34%；基本每股收益0.4866元。,【江阴银行业绩快报：2020年净利同比增长4.34%】财联社1月20日讯，江阴银行披露2020年度业绩快报，报告期内，该行实现营业收入33.23亿元，同比下降2.38%；营业利润10.95亿元，同比下降4.03%；净利润10.57亿元，同比增长4.34%；基本每股收益0.4866元。
164,2021-01-20 18:31:07,云内动力：控股股东云内集团混改项目终止挂牌,【云内动力：控股股东云内集团混改项目终止挂牌】财联社1月20日讯，云内动力公告，公司收到控股股东云内集团通知，截至2021年1月20日，云内集团混改项目未有意向投资方报名成功。因本次交易事项所涉及的评估报告已超过其效力期限，根据相关规定，本次混改项目挂牌终止。,【云内动力：控股股东云内集团混改项目终止挂牌】财联社1月20日讯，云内动力公告，公司收到控股股东云内集团通知，截至2021年1月20日，云内集团混改项目未有意向投资方报名成功。因本次交易事项所涉及的评估报告已超过其效力期限，根据相关规定，本次混改项目挂牌终止。
165,2021-01-20 18:22:56,【电报解读】大超21家机构平均预期，这家光伏细分龙头净利预增逾6成，公司产品全球市占率第一，占比超50%,大超21家机构平均预期，这家光伏细分龙头净利预增逾6成，公司产品全球市占率第一，占比超50%。,大超21家机构平均预期，这家光伏细分龙头净利预增逾6成，公司产品全球市占率第一，占比超50%。
166,2021-01-20 18:22:32,厦门钨业业绩预告：2020年度净利润同比增长135%,【厦门钨业业绩预告：2020年度净利润同比增长135%】财联社1月20日讯，厦门钨业发布2020年年度业绩预告，预计2020年度实现归属于上市公司股东的净利润为6.13亿元左右，与上年同期相比将增加约3.53亿元，同比增长135.29%左右。,【厦门钨业业绩预告：2020年度净利润同比增长135%】财联社1月20日讯，厦门钨业发布2020年年度业绩预告，预计2020年度实现归属于上市公司股东的净利润为6.13亿元左右，与上年同期相比将增加约3.53亿元，同比增长135.29%左右。
167,2021-01-20 18:20:20,宁德时代回应上海特斯拉Model 3自燃爆炸：车辆并未搭载公司磷酸铁锂电池,【宁德时代回应上海特斯拉Model 3自燃爆炸：车辆并未搭载公司磷酸铁锂电池】财联社1月20日讯，1月19日，一辆特斯拉Model 3在上海市闵行区某小区地下车库发生自燃并爆炸，且随即引发了该车辆搭载何种电池的猜测。1月20日晚间，宁德时代相关负责人表示：“自燃Model 3搭载的电池并非我们家供应的磷酸铁锂电池。” (每经网),【宁德时代回应上海特斯拉Model 3自燃爆炸：车辆并未搭载公司磷酸铁锂电池】财联社1月20日讯，1月19日，一辆特斯拉Model 3在上海市闵行区某小区地下车库发生自燃并爆炸，且随即引发了该车辆搭载何种电池的猜测。1月20日晚间，宁德时代相关负责人表示：“自燃Model 3搭载的电池并非我们家供应的磷酸铁锂电池。” (每经网)
168,2021-01-20 18:18:45,隆盛科技：实控人拟减持不超2%公司股份,【隆盛科技：实控人拟减持不超2%公司股份】财联社1月20日讯，隆盛科技公告，公司控股股东、实际控制人倪茂生持有公司股份3741.588万股(占公司总股本比例25.95%)，计划自公告披露日起3个交易日后3个月内，以大宗交易方式减持不超过公司总股本2%的股份，即不超过288.3591万股。,【隆盛科技：实控人拟减持不超2%公司股份】财联社1月20日讯，隆盛科技公告，公司控股股东、实际控制人倪茂生持有公司股份3741.588万股(占公司总股本比例25.95%)，计划自公告披露日起3个交易日后3个月内，以大宗交易方式减持不超过公司总股本2%的股份，即不超过288.3591万股。
169,2021-01-20 18:17:06,*ST康得：公司及钟玉收到证监会行政处罚事先告知书,【*ST康得：公司及钟玉收到证监会行政处罚事先告知书】财联社1月20日讯，*ST康得公告，公司及钟玉收到证监会行政处罚事先告知书。*ST康得涉嫌银行间债券市场信息披露违法一案，已由证监会调查完毕，经查，发行和存续期*ST康得披露的2015年至2018年财报存在虚假记载。证监会拟决定对公司责令改正，给予警告，并处以60万元罚款；对公司实控人、时任董事长钟玉给予警告，并处以30万元罚款。,【*ST康得：公司及钟玉收到证监会行政处罚事先告知书】财联社1月20日讯，*ST康得公告，公司及钟玉收到证监会行政处罚事先告知书。*ST康得涉嫌银行间债券市场信息披露违法一案，已由证监会调查完毕，经查，发行和存续期*ST康得披露的2015年至2018年财报存在虚假记载。证监会拟决定对公司责令改正，给予警告，并处以60万元罚款；对公司实控人、时任董事长钟玉给予警告，并处以30万元罚款。
170,2021-01-20 18:14:17,百世集团回应“在战略评估中考虑出售企业”：市场传闻不实,【百世集团回应“在战略评估中考虑出售企业”：市场传闻不实】今日媒体报道，百世集团在战略评估中考虑出售企业的选项。对此，百世集团回应称，该报道所引述的市场传闻不实。百世集团已申明，董事长兼CEO周韶宁先生没有出售公司股份的计划。周韶宁先生看好百世综合供应链和物流服务的长远价值，对公司的未来发展充满信心。 (36氪),【百世集团回应“在战略评估中考虑出售企业”：市场传闻不实】今日媒体报道，百世集团在战略评估中考虑出售企业的选项。对此，百世集团回应称，该报道所引述的市场传闻不实。百世集团已申明，董事长兼CEO周韶宁先生没有出售公司股份的计划。周韶宁先生看好百世综合供应链和物流服务的长远价值，对公司的未来发展充满信心。 (36氪)
171,2021-01-20 18:13:46,春节返乡不分高中低风险地区均需核酸报告 费用自付,【春节返乡不分高中低风险地区均需核酸报告 费用自付】财联社1月20日讯，春节返乡均需7日核酸报告，卫健委疾控局监察专员表示，返乡人群“不分高中低风险区，费用自己承担。”按照每年春运返乡人数计算，这将涉及一个不小的规模。 (第一财经),【春节返乡不分高中低风险地区均需核酸报告 费用自付】财联社1月20日讯，春节返乡均需7日核酸报告，卫健委疾控局监察专员表示，返乡人群“不分高中低风险区，费用自己承担。”按照每年春运返乡人数计算，这将涉及一个不小的规模。 (第一财经)
172,2021-01-20 18:12:16,京新药业业绩预告：2020年净利同比预增20%-30%,【京新药业业绩预告：2020年净利同比预增20%-30%】财联社1月20日讯，京新药业公告，2020年预盈6.24亿元-6.77亿元，同比增长20%-30%。受药品集采影响，公司相关制剂产品及原料药产品价格明显下降；受新冠疫情影响，医疗器械国际ODM业务部分订单推延或取消，报告期公司整体销售收入同比略有下降。公司对外投资项目公允价值变动评估增值约1.1亿元，影响非经常性损益同比增长约120%。,【京新药业业绩预告：2020年净利同比预增20%-30%】财联社1月20日讯，京新药业公告，2020年预盈6.24亿元-6.77亿元，同比增长20%-30%。受药品集采影响，公司相关制剂产品及原料药产品价格明显下降；受新冠疫情影响，医疗器械国际ODM业务部分订单推延或取消，报告期公司整体销售收入同比略有下降。公司对外投资项目公允价值变动评估增值约1.1亿元，影响非经常性损益同比增长约120%。
173,2021-01-20 18:11:31,润邦股份业绩预告：2020年度净利润同比增长71%-157%,【润邦股份业绩预告：2020年度净利润同比增长71%-157%】财联社1月20日讯，润邦股份发布业绩预告，2020年预盈2.4亿元-3.6亿元，同比增长71.07%-156.61%。湖北中油优艺环保科技集团有限公司自2020年3月起纳入公司合并报表范围，使得报告期内公司环保业务整体收入和利润贡献同比增加；公司高端装备业务整体较上年同期出现较大幅度增长。,【润邦股份业绩预告：2020年度净利润同比增长71%-157%】财联社1月20日讯，润邦股份发布业绩预告，2020年预盈2.4亿元-3.6亿元，同比增长71.07%-156.61%。湖北中油优艺环保科技集团有限公司自2020年3月起纳入公司合并报表范围，使得报告期内公司环保业务整体收入和利润贡献同比增加；公司高端装备业务整体较上年同期出现较大幅度增长。
174,2021-01-20 18:10:34,华泰证券：获批开展商品期货做市业务,【华泰证券：获批开展商品期货做市业务】财联社1月20日讯，华泰证券公告，公司收到中国证监会《关于华泰证券开展商品期货做市业务有关意见的复函》。根据该复函，中国证监会对公司开展商品期货做市业务无异议。公司将按照有关监管规定和要求开展商品期货做市业务。,【华泰证券：获批开展商品期货做市业务】财联社1月20日讯，华泰证券公告，公司收到中国证监会《关于华泰证券开展商品期货做市业务有关意见的复函》。根据该复函，中国证监会对公司开展商品期货做市业务无异议。公司将按照有关监管规定和要求开展商品期货做市业务。
175,2021-01-20 18:06:38,,财联社1月20日讯，拜登将在周三的就职典礼后签署15项行政措施，包括重新加入巴黎气候协定的行动方案，停止修建边境墙，以及留在世界卫生组织等。,财联社1月20日讯，拜登将在周三的就职典礼后签署15项行政措施，包括重新加入巴黎气候协定的行动方案，停止修建边境墙，以及留在世界卫生组织等。
176,2021-01-20 18:02:55,海南高速：将择机减持海汽集团不超3%股份,【海南高速：将择机减持海汽集团不超3%股份】财联社1月20日讯，海南高速公告，公司将择机以集中竞价方式或大宗交易方式出售不超过948万股海汽集团股票（不超过海汽集团总股本的3%）。目前，公司持有海汽集团首次公开发行前发行的股份5293万股，占海汽集团总股本的16.75%。,【海南高速：将择机减持海汽集团不超3%股份】财联社1月20日讯，海南高速公告，公司将择机以集中竞价方式或大宗交易方式出售不超过948万股海汽集团股票（不超过海汽集团总股本的3%）。目前，公司持有海汽集团首次公开发行前发行的股份5293万股，占海汽集团总股本的16.75%。
177,2021-01-20 18:01:31,,财联社1月20日讯，欧元区12月份消费者价格同比下降0.3%，与预期一致。,财联社1月20日讯，欧元区12月份消费者价格同比下降0.3%，与预期一致。
178,2021-01-20 17:59:46,丰山集团：股东计划合计减持不超过3%股份,【丰山集团：股东计划合计减持不超过3%股份】财联社1月20日讯，丰山集团公告，江苏高投创新、江苏高投宁泰、江苏高投科贷计划合计减持不超过3%股份。,【丰山集团：股东计划合计减持不超过3%股份】财联社1月20日讯，丰山集团公告，江苏高投创新、江苏高投宁泰、江苏高投科贷计划合计减持不超过3%股份。
179,2021-01-20 17:59:14,财联社1月20日互动平台精选,【财联社1月20日互动平台精选】市场分化，创业板指大涨近4%，个股跌多涨少，涨幅超9%个股逾100家，市场赚钱氛围依旧活跃。板块上，资金回流抱团主线，锂电、光伏、军工、白酒轮动修复。上市公司在互动平台积极回应：TCL科技表示，目前TCL华星订单充足，面板产品供不应求；继峰股份表示，特斯拉业务收入占集团主营业务收入比例较小；天际股份表示，公司目前六氟磷酸锂年产能为8160吨；四方精创表示，目前已申请区块链相关发明专利和著作权共计24项。,【财联社1月20日互动平台精选】市场分化，创业板指大涨近4%，个股跌多涨少，涨幅超9%个股逾100家，市场赚钱氛围依旧活跃。板块上，资金回流抱团主线，锂电、光伏、军工、白酒轮动修复。上市公司在互动平台积极回应：TCL科技表示，目前TCL华星订单充足，面板产品供不应求；继峰股份表示，特斯拉业务收入占集团主营业务收入比例较小；天际股份表示，公司目前六氟磷酸锂年产能为8160吨；四方精创表示，目前已申请区块链相关发明专利和著作权共计24项。
180,2021-01-20 17:56:54,日本政府与辉瑞公司签订合同 购买1.44亿剂新冠疫苗,【日本政府与辉瑞公司签订合同 购买1.44亿剂新冠疫苗】财联社1月20日讯， 据日本放送协会20日报道，日本厚生劳动相田村宪久当天表示，日本政府已经和美国辉瑞公司签订合同，购买可供7200万人接种的1.44亿剂新冠疫苗。,【日本政府与辉瑞公司签订合同 购买1.44亿剂新冠疫苗】财联社1月20日讯， 据日本放送协会20日报道，日本厚生劳动相田村宪久当天表示，日本政府已经和美国辉瑞公司签订合同，购买可供7200万人接种的1.44亿剂新冠疫苗。
181,2021-01-20 17:55:15,集邦咨询：1月电视、桌上显示器、笔记本面板价格均上涨,【集邦咨询：1月电视、桌上显示器、笔记本面板价格均上涨】财联社1月20日讯，集邦咨询发布1月下旬面板价格快报，电视、桌上显示器、笔记本面板价格均不同程度上涨。其中，小尺寸、低分辨率面板上涨幅度较大，涨幅在4.8%至5%之间，大尺寸、高分辨率面板涨幅在2.5%至3.6%之间。（财联社记者 刘春燕）,【集邦咨询：1月电视、桌上显示器、笔记本面板价格均上涨】财联社1月20日讯，集邦咨询发布1月下旬面板价格快报，电视、桌上显示器、笔记本面板价格均不同程度上涨。其中，小尺寸、低分辨率面板上涨幅度较大，涨幅在4.8%至5%之间，大尺寸、高分辨率面板涨幅在2.5%至3.6%之间。（财联社记者 刘春燕）
182,2021-01-20 17:54:46,中大力德：控股股东及其一致人拟减持不超3%股份,【中大力德：控股股东及其一致人拟减持不超3%股份】财联社1月20日讯，中大力德公告，控股股东宁波中大力德投资有限公司及其一致行动人慈溪德立投资管理合伙企业、慈溪德正投资管理合伙企业计划在3个月内，以集中竞价和大宗交易方式，减持公司股份合计不超过240万股（不超过公司总股本的3%）。,【中大力德：控股股东及其一致人拟减持不超3%股份】财联社1月20日讯，中大力德公告，控股股东宁波中大力德投资有限公司及其一致行动人慈溪德立投资管理合伙企业、慈溪德正投资管理合伙企业计划在3个月内，以集中竞价和大宗交易方式，减持公司股份合计不超过240万股（不超过公司总股本的3%）。
183,2021-01-20 17:54:09,莱绅通灵：公司控告马峻等人涉嫌职务侵占 南京市公安局不予立案,【莱绅通灵：公司控告马峻等人涉嫌职务侵占 南京市公安局不予立案】财联社1月20日讯，莱绅通灵公告，2021年1月20日，公司收到南京市公安局雨花台分局《不予立案通知书》【雨公（经）不立字[2021]1号】，具体内容为：“你（单位）于2020年11月20日提出控告的马峻等人涉嫌职务侵占、虚开增值税专用发票、挪用资金等，我局经审查认为无犯罪事实，根据《中华人民共和国刑事诉讼法》第一百一十二条之规定，决定不予立案。如不服本决定，可以在收到本通知书之日起7日内向雨花台分局申请复议。”,【莱绅通灵：公司控告马峻等人涉嫌职务侵占 南京市公安局不予立案】财联社1月20日讯，莱绅通灵公告，2021年1月20日，公司收到南京市公安局雨花台分局《不予立案通知书》【雨公（经）不立字[2021]1号】，具体内容为：“你（单位）于2020年11月20日提出控告的马峻等人涉嫌职务侵占、虚开增值税专用发票、挪用资金等，我局经审查认为无犯罪事实，根据《中华人民共和国刑事诉讼法》第一百一十二条之规定，决定不予立案。如不服本决定，可以在收到本通知书之日起7日内向雨花台分局申请复议。”
184,2021-01-20 17:52:42,吴通控股业绩预告：2020年度净利润亏损5.45亿元-5.68亿元 计提商誉减值5.83亿元,【吴通控股业绩预告：2020年度净利润亏损5.45亿元-5.68亿元 计提商誉减值5.83亿元】财联社1月20日讯，吴通控股公告，公司预计2020年度实现归属于上市公司股东的净利润为亏损5.45亿元-5.68亿元，上年同期为盈利6887万元。拟计提商誉减值准备5.83亿元。,【吴通控股业绩预告：2020年度净利润亏损5.45亿元-5.68亿元 计提商誉减值5.83亿元】财联社1月20日讯，吴通控股公告，公司预计2020年度实现归属于上市公司股东的净利润为亏损5.45亿元-5.68亿元，上年同期为盈利6887万元。拟计提商誉减值准备5.83亿元。
185,2021-01-20 17:50:57,兄弟科技：拟投资25亿元建一座多剂型国际化医药产业基地,【兄弟科技：拟投资25亿元建一座多剂型国际化医药产业基地】财联社1月20日讯，兄弟科技公告，拟依托自有原料药产业基础、制剂项目研发与储备基础以及精细化管理生产优势，计划总投资25亿元，建设一座多剂型国际化医药产业基地。1月20日，公司与海宁高新技术产业园区管委会正式签署了《国际化医药产业基地建设项目投资协议》。,【兄弟科技：拟投资25亿元建一座多剂型国际化医药产业基地】财联社1月20日讯，兄弟科技公告，拟依托自有原料药产业基础、制剂项目研发与储备基础以及精细化管理生产优势，计划总投资25亿元，建设一座多剂型国际化医药产业基地。1月20日，公司与海宁高新技术产业园区管委会正式签署了《国际化医药产业基地建设项目投资协议》。
186,2021-01-20 17:45:22,共达电声业绩快报：2020年度净利润同比增长31%,【共达电声业绩快报：2020年度净利润同比增长31%】财联社1月20日讯，共达电声发布业绩快报，2020年度实现营业收入11.83亿元，同比增长20.16%；净利润4021.79万元，同比增长30.5%；基本每股收益0.11元。报告期内，公司营业收入稳步增长。,【共达电声业绩快报：2020年度净利润同比增长31%】财联社1月20日讯，共达电声发布业绩快报，2020年度实现营业收入11.83亿元，同比增长20.16%；净利润4021.79万元，同比增长30.5%；基本每股收益0.11元。报告期内，公司营业收入稳步增长。
187,2021-01-20 17:43:37,北京：1月23日起全市中学学生不到校 明日起幼儿园不提供托管服务,【北京：1月23日起全市中学学生不到校 明日起幼儿园不提供托管服务】财联社1月20日讯，今天下午，在北京市新型冠状病毒肺炎疫情防控工作第215场新闻发布会上，北京市委教育工委副书记、市教委新闻发言人李奕介绍，1月23日起，全市中学学生不到校，学生期末工作全部在线上完成。明天（1月21日）起，所有幼儿园不提供托管服务，本周六起，全市校外培训机构线下培训暂停。,【北京：1月23日起全市中学学生不到校 明日起幼儿园不提供托管服务】财联社1月20日讯，今天下午，在北京市新型冠状病毒肺炎疫情防控工作第215场新闻发布会上，北京市委教育工委副书记、市教委新闻发言人李奕介绍，1月23日起，全市中学学生不到校，学生期末工作全部在线上完成。明天（1月21日）起，所有幼儿园不提供托管服务，本周六起，全市校外培训机构线下培训暂停。
188,2021-01-20 17:38:54,中伟股份：投资约230亿元建设北部湾产业基地项目 主营新能源电池材料,【中伟股份：投资约230亿元建设北部湾产业基地项目 主营新能源电池材料】财联社1月20日讯，中伟股份公告，签署北部湾产业基地项目投资合同书，本项目总投资约230亿元，公司拟在钦州建设中伟股份北部湾产业基地项目，主要经营三元前驱体、四氧化三钴等前驱体开发以及金属镍钴及电池材料综合循环利用。其中一期项目主要建设年产15万吨前驱体和7万吨金属镍钴及其综合循环回收设施，为确保项目的投资建设及运营管理，公司设立两家下属子公司实施上述项目的投资、建设和运营。,【中伟股份：投资约230亿元建设北部湾产业基地项目 主营新能源电池材料】财联社1月20日讯，中伟股份公告，签署北部湾产业基地项目投资合同书，本项目总投资约230亿元，公司拟在钦州建设中伟股份北部湾产业基地项目，主要经营三元前驱体、四氧化三钴等前驱体开发以及金属镍钴及电池材料综合循环利用。其中一期项目主要建设年产15万吨前驱体和7万吨金属镍钴及其综合循环回收设施，为确保项目的投资建设及运营管理，公司设立两家下属子公司实施上述项目的投资、建设和运营。
189,2021-01-20 17:34:16,无锡交付新建商品房新规：装修控制在2000元/平米以下,【无锡交付新建商品房新规：装修控制在2000元/平米以下】财联社1月20日讯，1月19日，江苏无锡市住建局发布《关于完善我市市区新建成品住房装修工作的通知》，要求新建成品住房装修价格控制在1500-2000元/平方米。,【无锡交付新建商品房新规：装修控制在2000元/平米以下】财联社1月20日讯，1月19日，江苏无锡市住建局发布《关于完善我市市区新建成品住房装修工作的通知》，要求新建成品住房装修价格控制在1500-2000元/平方米。
190,2021-01-20 17:32:50,方正证券：计提2亿元信用减值损失 将减少年度净利1.71亿元,【方正证券：计提2亿元信用减值损失 将减少年度净利1.71亿元】财联社1月20日讯，方正证券公告，经公司及公司全资子公司方正香港金控对2020年12月31日存在减值迹象的资产（范围包括其他债权投资、融出资金等）进行减值测试后，确认信用减值损失共计2.02亿元，将减少公司2020年度合并报表净利润1.71亿元。,【方正证券：计提2亿元信用减值损失 将减少年度净利1.71亿元】财联社1月20日讯，方正证券公告，经公司及公司全资子公司方正香港金控对2020年12月31日存在减值迹象的资产（范围包括其他债权投资、融出资金等）进行减值测试后，确认信用减值损失共计2.02亿元，将减少公司2020年度合并报表净利润1.71亿元。
191,2021-01-20 17:31:26,南下资金今日净流入202.88亿港元 美团、腾讯控股净买入居前,【南下资金今日净流入202.88亿港元 美团、腾讯控股净买入居前】财联社1月20日讯，南下资金今日净流入202.88亿港元。港股通（沪）方面，美团、腾讯控股净买入居前，分别获净买入10.51亿港元、8.91亿港元。港股通（深）方面，腾讯控股、小米集团－Ｗ净买入居前，分别获净买入30.23亿港元、12.54亿港元。,【南下资金今日净流入202.88亿港元 美团、腾讯控股净买入居前】财联社1月20日讯，南下资金今日净流入202.88亿港元。港股通（沪）方面，美团、腾讯控股净买入居前，分别获净买入10.51亿港元、8.91亿港元。港股通（深）方面，腾讯控股、小米集团－Ｗ净买入居前，分别获净买入30.23亿港元、12.54亿港元。
192,2021-01-20 17:30:35,北上资金净流入33.94亿 招商银行净买入5.63亿,【北上资金净流入33.94亿 招商银行净买入5.63亿】财联社1月20日讯，北上资金今日净流入33.94亿。招商银行净买入5.63亿，爱尔眼科净买入4.75亿，京东方Ａ净买入4.15亿，宁德时代净买入4.02亿。,【北上资金净流入33.94亿 招商银行净买入5.63亿】财联社1月20日讯，北上资金今日净流入33.94亿。招商银行净买入5.63亿，爱尔眼科净买入4.75亿，京东方Ａ净买入4.15亿，宁德时代净买入4.02亿。
193,2021-01-20 17:27:47,科伦药业：拟以5000万-1亿元回购股份,【科伦药业：拟以5000万-1亿元回购股份】财联社1月20日讯，科伦药业公告，拟以5000万-1亿元回购股份，用于实施员工持股计划或股权激励，本次回购股份的价格为不超过人民币24元/股。,【科伦药业：拟以5000万-1亿元回购股份】财联社1月20日讯，科伦药业公告，拟以5000万-1亿元回购股份，用于实施员工持股计划或股权激励，本次回购股份的价格为不超过人民币24元/股。
194,2021-01-20 17:27:40,华夏幸福：拟对”16华夏债“公司债券回售办理转售,【华夏幸福：拟对”16华夏债“公司债券回售办理转售】财联社1月20日讯，华夏幸福公告，“16华夏债”的回售有效申报金额为14.9亿元人民币，将于1月20日至2月23日办理上述回售债券的转售。,【华夏幸福：拟对”16华夏债“公司债券回售办理转售】财联社1月20日讯，华夏幸福公告，“16华夏债”的回售有效申报金额为14.9亿元人民币，将于1月20日至2月23日办理上述回售债券的转售。
195,2021-01-20 17:26:59,上海新阳业绩预告：2020年净利预增24%-38%,【上海新阳业绩预告：2020年净利预增24%-38%】《科创板日报》20日讯，上海新阳公告，预计2020年净利润为2.6亿-2.9亿元，同比增长23.62%-37.89%。报告期内，公司营业收入和净利润持续稳步增长。主要原因是公司晶圆制造和先进封装用电镀液及清洗液系列产品销售同比实现了大幅度增长。,【上海新阳业绩预告：2020年净利预增24%-38%】《科创板日报》20日讯，上海新阳公告，预计2020年净利润为2.6亿-2.9亿元，同比增长23.62%-37.89%。报告期内，公司营业收入和净利润持续稳步增长。主要原因是公司晶圆制造和先进封装用电镀液及清洗液系列产品销售同比实现了大幅度增长。
196,2021-01-20 17:25:59,黄山旅游：控股股东10%国有股权拟无偿划转以充实社保基金,【黄山旅游：控股股东10%国有股权拟无偿划转以充实社保基金】财联社1月20日讯，黄山旅游公告，实际控制人黄山市国资委持有的控股股东集团公司10%国有股权，拟无偿划转至安徽省财政厅持有，用以充实社保基金。,【黄山旅游：控股股东10%国有股权拟无偿划转以充实社保基金】财联社1月20日讯，黄山旅游公告，实际控制人黄山市国资委持有的控股股东集团公司10%国有股权，拟无偿划转至安徽省财政厅持有，用以充实社保基金。
197,2021-01-20 17:25:38,【电报解读】返乡新规或将催生数百亿新冠检测市场需求，这家公司已具备核酸、抗体和抗原试剂三类产品组合,返乡新规或将催生数百亿新冠检测市场需求，这家公司已具备核酸、抗体和抗原试剂三类产品组合。,返乡新规或将催生数百亿新冠检测市场需求，这家公司已具备核酸、抗体和抗原试剂三类产品组合。
198,2021-01-20 17:23:04,重庆燃气业绩快报：2020年度净利同比增长4.32%,【重庆燃气业绩快报：2020年度净利同比增长4.32%】财联社1月20日讯，重庆燃气发布业绩快报，2020年净利润4亿元，同比增长4.32%；营业收入68亿元，同比减少2.45%；基本每股收益0.27元，同比增长3.85%。,【重庆燃气业绩快报：2020年度净利同比增长4.32%】财联社1月20日讯，重庆燃气发布业绩快报，2020年净利润4亿元，同比增长4.32%；营业收入68亿元，同比减少2.45%；基本每股收益0.27元，同比增长3.85%。
199,2021-01-20 17:22:19,,财联社1月20日讯，百世集团美股盘前涨超30%，据媒体援引知情人士透露，百世集团在战略评估中考虑出售企业的选项。,财联社1月20日讯，百世集团美股盘前涨超30%，据媒体援引知情人士透露，百世集团在战略评估中考虑出售企业的选项。
200,2021-01-20 17:22:00,北京大兴区所有小区（村）要严格落实测温、查证、验码、登记等措施,【北京大兴区所有小区（村）要严格落实测温、查证、验码、登记等措施】财联社1月20日讯，今天下午，在北京市新型冠状病毒肺炎疫情防控工作第215场新闻发布会上，北京市委宣传部副部长、市政府新闻办主任、市政府新闻发言人徐和建介绍，对大兴区天宫院街道实施全域管控，病例所在及周边小区严格封控，不进不出，所有隔离观察人员都要足不出户。辖区内所有公共场所和健身场所全部关停。近14日以来到访过重点区域的人员全部居家观察。大兴区所有小区（村）要严格落实测温、查证、验码、登记等措施，所有公共场所实行预约，严格限流。倡导采取远程和居家办公。,【北京大兴区所有小区（村）要严格落实测温、查证、验码、登记等措施】财联社1月20日讯，今天下午，在北京市新型冠状病毒肺炎疫情防控工作第215场新闻发布会上，北京市委宣传部副部长、市政府新闻办主任、市政府新闻发言人徐和建介绍，对大兴区天宫院街道实施全域管控，病例所在及周边小区严格封控，不进不出，所有隔离观察人员都要足不出户。辖区内所有公共场所和健身场所全部关停。近14日以来到访过重点区域的人员全部居家观察。大兴区所有小区（村）要严格落实测温、查证、验码、登记等措施，所有公共场所实行预约，严格限流。倡导采取远程和居家办公。
201,2021-01-20 17:20:18,金达威业绩预告：2020年度净利润同比增长100%-140%,【金达威业绩预告：2020年度净利润同比增长100%-140%】财联社1月20日讯，金达威公告，公司预计2020年度实现归属于上市公司股东的净利润为9亿元-10.8亿元，同比增长100%-140%。辅酶Q10产品价格上涨，同时单位成本下降；2、营养保健食品销量和利润贡献增加；3、预计本报告期商誉减值同比上年减少。,【金达威业绩预告：2020年度净利润同比增长100%-140%】财联社1月20日讯，金达威公告，公司预计2020年度实现归属于上市公司股东的净利润为9亿元-10.8亿元，同比增长100%-140%。辅酶Q10产品价格上涨，同时单位成本下降；2、营养保健食品销量和利润贡献增加；3、预计本报告期商誉减值同比上年减少。
202,2021-01-20 17:20:18,北京大兴天宫院街道融汇社区升为高风险,【北京大兴天宫院街道融汇社区升为高风险】财联社1月20日讯，北京疫情防控工作发布会介绍，1月20日起，北京大兴区天宫院街道融汇社区升为高风险。,【北京大兴天宫院街道融汇社区升为高风险】财联社1月20日讯，北京疫情防控工作发布会介绍，1月20日起，北京大兴区天宫院街道融汇社区升为高风险。
203,2021-01-20 17:19:00,江苏实现充电桩乡镇全覆盖,【江苏实现充电桩乡镇全覆盖】财联社1月20日讯，从国网江苏省电力有限公司获悉，2020年江苏乡镇地区共新建电动汽车充电桩4838个，在全国率先实现充电桩乡镇全覆盖，有效破解乡镇居民电动汽车充电难题。据介绍，截至2020年底，江苏累计推广应用电动汽车突破20万辆，拥有充电桩数量近10万个，数量均居全国前列。,【江苏实现充电桩乡镇全覆盖】财联社1月20日讯，从国网江苏省电力有限公司获悉，2020年江苏乡镇地区共新建电动汽车充电桩4838个，在全国率先实现充电桩乡镇全覆盖，有效破解乡镇居民电动汽车充电难题。据介绍，截至2020年底，江苏累计推广应用电动汽车突破20万辆，拥有充电桩数量近10万个，数量均居全国前列。
204,2021-01-20 17:18:48,恺英网络：拟以5000万-1亿元回购股份,【恺英网络：拟以5000万-1亿元回购股份】财联社1月20日讯，恺英网络公告，拟以5000万-1亿元回购股份，回购价格不超过6.66元/股。回购股份用于后期实施股权激励计划、员工持股计划。,【恺英网络：拟以5000万-1亿元回购股份】财联社1月20日讯，恺英网络公告，拟以5000万-1亿元回购股份，回购价格不超过6.66元/股。回购股份用于后期实施股权激励计划、员工持股计划。
205,2021-01-20 17:16:49,*ST江特：未来中长期碳酸锂价格的走势存在不确定性,【*ST江特：未来中长期碳酸锂价格的走势存在不确定性】财联社1月20日讯，*ST江特披露股价异动公告，锂盐业务外部环境趋好，碳酸锂产品下游需求量增长强劲，近期其价格有较大幅度的上涨，将对公司未来业绩的提升产生积极的影响；但未来中长期碳酸锂价格的走势存在不确定性。,【*ST江特：未来中长期碳酸锂价格的走势存在不确定性】财联社1月20日讯，*ST江特披露股价异动公告，锂盐业务外部环境趋好，碳酸锂产品下游需求量增长强劲，近期其价格有较大幅度的上涨，将对公司未来业绩的提升产生积极的影响；但未来中长期碳酸锂价格的走势存在不确定性。
